Timestamp,Heart,Time,Date
2018-04-11 11:59:00,92,11:59,2018-04-11
2018-04-11 11:59:00,90,11:59,2018-04-11
2018-04-11 11:59:00,90,11:59,2018-04-11
2018-04-11 11:59:00,89,11:59,2018-04-11
2018-04-11 11:59:00,90,11:59,2018-04-11
2018-04-11 11:59:00,90,11:59,2018-04-11
2018-04-11 12:00:00,92,12:00,2018-04-11
2018-04-11 12:00:00,93,12:00,2018-04-11
2018-04-11 12:00:00,94,12:00,2018-04-11
2018-04-11 12:00:00,96,12:00,2018-04-11
2018-04-11 12:00:00,97,12:00,2018-04-11
2018-04-11 12:00:00,98,12:00,2018-04-11
2018-04-11 12:00:00,100,12:00,2018-04-11
2018-04-11 12:00:00,105,12:00,2018-04-11
2018-04-11 12:01:00,99,12:01,2018-04-11
2018-04-11 12:01:00,94,12:01,2018-04-11
2018-04-11 12:01:00,91,12:01,2018-04-11
2018-04-11 12:01:00,85,12:01,2018-04-11
2018-04-11 12:01:00,83,12:01,2018-04-11
2018-04-11 12:01:00,83,12:01,2018-04-11
2018-04-11 12:01:00,82,12:01,2018-04-11
2018-04-11 12:01:00,81,12:01,2018-04-11
2018-04-11 12:01:00,82,12:01,2018-04-11
2018-04-11 12:02:00,82,12:02,2018-04-11
2018-04-11 12:02:00,82,12:02,2018-04-11
2018-04-11 12:02:00,82,12:02,2018-04-11
2018-04-11 12:02:00,81,12:02,2018-04-11
2018-04-11 12:02:00,80,12:02,2018-04-11
2018-04-11 12:03:00,80,12:03,2018-04-11
2018-04-11 12:03:00,80,12:03,2018-04-11
2018-04-11 12:03:00,79,12:03,2018-04-11
2018-04-11 12:03:00,80,12:03,2018-04-11
2018-04-11 12:03:00,82,12:03,2018-04-11
2018-04-11 12:03:00,85,12:03,2018-04-11
2018-04-11 12:04:00,84,12:04,2018-04-11
2018-04-11 12:04:00,85,12:04,2018-04-11
2018-04-11 12:04:00,85,12:04,2018-04-11
2018-04-11 12:04:00,86,12:04,2018-04-11
2018-04-11 12:04:00,90,12:04,2018-04-11
2018-04-11 12:04:00,86,12:04,2018-04-11
2018-04-11 12:04:00,84,12:04,2018-04-11
2018-04-11 12:05:00,86,12:05,2018-04-11
2018-04-11 12:05:00,89,12:05,2018-04-11
2018-04-11 12:05:00,90,12:05,2018-04-11
2018-04-11 12:05:00,90,12:05,2018-04-11
2018-04-11 12:05:00,91,12:05,2018-04-11
2018-04-11 12:05:00,92,12:05,2018-04-11
2018-04-11 12:05:00,94,12:05,2018-04-11
2018-04-11 12:05:00,95,12:05,2018-04-11
2018-04-11 12:05:00,96,12:05,2018-04-11
2018-04-11 12:06:00,97,12:06,2018-04-11
2018-04-11 12:06:00,98,12:06,2018-04-11
2018-04-11 12:06:00,99,12:06,2018-04-11
2018-04-11 12:06:00,99,12:06,2018-04-11
2018-04-11 12:06:00,104,12:06,2018-04-11
2018-04-11 12:06:00,105,12:06,2018-04-11
2018-04-11 12:06:00,106,12:06,2018-04-11
2018-04-11 12:07:00,111,12:07,2018-04-11
2018-04-11 12:07:00,110,12:07,2018-04-11
2018-04-11 12:07:00,113,12:07,2018-04-11
2018-04-11 12:07:00,113,12:07,2018-04-11
2018-04-11 12:07:00,114,12:07,2018-04-11
2018-04-11 12:07:00,115,12:07,2018-04-11
2018-04-11 12:07:00,116,12:07,2018-04-11
2018-04-11 12:08:00,117,12:08,2018-04-11
2018-04-11 12:08:00,119,12:08,2018-04-11
2018-04-11 12:08:00,117,12:08,2018-04-11
2018-04-11 12:08:00,117,12:08,2018-04-11
2018-04-11 12:08:00,117,12:08,2018-04-11
2018-04-11 12:09:00,117,12:09,2018-04-11
2018-04-11 12:09:00,117,12:09,2018-04-11
2018-04-11 12:09:00,113,12:09,2018-04-11
2018-04-11 12:09:00,110,12:09,2018-04-11
2018-04-11 12:09:00,108,12:09,2018-04-11
2018-04-11 12:09:00,104,12:09,2018-04-11
2018-04-11 12:09:00,103,12:09,2018-04-11
2018-04-11 12:09:00,101,12:09,2018-04-11
2018-04-11 12:10:00,100,12:10,2018-04-11
2018-04-11 12:10:00,101,12:10,2018-04-11
2018-04-11 12:10:00,100,12:10,2018-04-11
2018-04-11 12:10:00,100,12:10,2018-04-11
2018-04-11 12:10:00,101,12:10,2018-04-11
2018-04-11 12:10:00,101,12:10,2018-04-11
2018-04-11 12:10:00,100,12:10,2018-04-11
2018-04-11 12:10:00,92,12:10,2018-04-11
2018-04-11 12:10:00,91,12:10,2018-04-11
2018-04-11 12:11:00,92,12:11,2018-04-11
2018-04-11 12:11:00,93,12:11,2018-04-11
2018-04-11 12:11:00,95,12:11,2018-04-11
2018-04-11 12:11:00,93,12:11,2018-04-11
2018-04-11 12:11:00,90,12:11,2018-04-11
2018-04-11 12:11:00,91,12:11,2018-04-11
2018-04-11 12:11:00,95,12:11,2018-04-11
2018-04-11 12:11:00,98,12:11,2018-04-11
2018-04-11 12:11:00,99,12:11,2018-04-11
2018-04-11 12:11:00,100,12:11,2018-04-11
2018-04-11 12:12:00,104,12:12,2018-04-11
2018-04-11 12:12:00,108,12:12,2018-04-11
2018-04-11 12:12:00,110,12:12,2018-04-11
2018-04-11 12:12:00,114,12:12,2018-04-11
2018-04-11 12:12:00,121,12:12,2018-04-11
2018-04-11 12:12:00,125,12:12,2018-04-11
2018-04-11 12:12:00,128,12:12,2018-04-11
2018-04-11 12:12:00,126,12:12,2018-04-11
2018-04-11 12:12:00,129,12:12,2018-04-11
2018-04-11 12:12:00,127,12:12,2018-04-11
2018-04-11 12:12:00,124,12:12,2018-04-11
2018-04-11 12:12:00,125,12:12,2018-04-11
2018-04-11 12:13:00,123,12:13,2018-04-11
2018-04-11 12:13:00,122,12:13,2018-04-11
2018-04-11 12:13:00,118,12:13,2018-04-11
2018-04-11 12:13:00,118,12:13,2018-04-11
2018-04-11 12:13:00,114,12:13,2018-04-11
2018-04-11 12:13:00,113,12:13,2018-04-11
2018-04-11 12:13:00,108,12:13,2018-04-11
2018-04-11 12:13:00,107,12:13,2018-04-11
2018-04-11 12:13:00,105,12:13,2018-04-11
2018-04-11 12:13:00,99,12:13,2018-04-11
2018-04-11 12:13:00,98,12:13,2018-04-11
2018-04-11 12:13:00,96,12:13,2018-04-11
2018-04-11 12:14:00,97,12:14,2018-04-11
2018-04-11 12:14:00,100,12:14,2018-04-11
2018-04-11 12:14:00,98,12:14,2018-04-11
2018-04-11 12:14:00,100,12:14,2018-04-11
2018-04-11 12:14:00,101,12:14,2018-04-11
2018-04-11 12:14:00,97,12:14,2018-04-11
2018-04-11 12:14:00,98,12:14,2018-04-11
2018-04-11 12:14:00,96,12:14,2018-04-11
2018-04-11 12:14:00,97,12:14,2018-04-11
2018-04-11 12:14:00,94,12:14,2018-04-11
2018-04-11 12:14:00,93,12:14,2018-04-11
2018-04-11 12:15:00,90,12:15,2018-04-11
2018-04-11 12:15:00,92,12:15,2018-04-11
2018-04-11 12:15:00,93,12:15,2018-04-11
2018-04-11 12:15:00,92,12:15,2018-04-11
2018-04-11 12:15:00,94,12:15,2018-04-11
2018-04-11 12:15:00,140,12:15,2018-04-11
2018-04-11 12:15:00,157,12:15,2018-04-11
2018-04-11 12:15:00,158,12:15,2018-04-11
2018-04-11 12:15:00,159,12:15,2018-04-11
2018-04-11 12:16:00,158,12:16,2018-04-11
2018-04-11 12:16:00,157,12:16,2018-04-11
2018-04-11 12:16:00,152,12:16,2018-04-11
2018-04-11 12:16:00,150,12:16,2018-04-11
2018-04-11 12:16:00,151,12:16,2018-04-11
2018-04-11 12:16:00,147,12:16,2018-04-11
2018-04-11 12:16:00,144,12:16,2018-04-11
2018-04-11 12:16:00,142,12:16,2018-04-11
2018-04-11 12:16:00,140,12:16,2018-04-11
2018-04-11 12:16:00,136,12:16,2018-04-11
2018-04-11 12:16:00,135,12:16,2018-04-11
2018-04-11 12:17:00,136,12:17,2018-04-11
2018-04-11 12:17:00,133,12:17,2018-04-11
2018-04-11 12:17:00,133,12:17,2018-04-11
2018-04-11 12:17:00,128,12:17,2018-04-11
2018-04-11 12:17:00,122,12:17,2018-04-11
2018-04-11 12:17:00,115,12:17,2018-04-11
2018-04-11 12:17:00,109,12:17,2018-04-11
2018-04-11 12:17:00,107,12:17,2018-04-11
2018-04-11 12:17:00,111,12:17,2018-04-11
2018-04-11 12:17:00,107,12:17,2018-04-11
2018-04-11 12:17:00,103,12:17,2018-04-11
2018-04-11 12:18:00,98,12:18,2018-04-11
2018-04-11 12:18:00,95,12:18,2018-04-11
2018-04-11 12:18:00,92,12:18,2018-04-11
2018-04-11 12:18:00,94,12:18,2018-04-11
2018-04-11 12:18:00,95,12:18,2018-04-11
2018-04-11 12:18:00,101,12:18,2018-04-11
2018-04-11 12:18:00,100,12:18,2018-04-11
2018-04-11 12:18:00,95,12:18,2018-04-11
2018-04-11 12:18:00,97,12:18,2018-04-11
2018-04-11 12:18:00,102,12:18,2018-04-11
2018-04-11 12:18:00,101,12:18,2018-04-11
2018-04-11 12:19:00,98,12:19,2018-04-11
2018-04-11 12:19:00,102,12:19,2018-04-11
2018-04-11 12:19:00,101,12:19,2018-04-11
2018-04-11 12:19:00,98,12:19,2018-04-11
2018-04-11 12:19:00,104,12:19,2018-04-11
2018-04-11 12:19:00,111,12:19,2018-04-11
2018-04-11 12:19:00,116,12:19,2018-04-11
2018-04-11 12:19:00,120,12:19,2018-04-11
2018-04-11 12:19:00,128,12:19,2018-04-11
2018-04-11 12:19:00,135,12:19,2018-04-11
2018-04-11 12:19:00,141,12:19,2018-04-11
2018-04-11 12:19:00,146,12:19,2018-04-11
2018-04-11 12:20:00,148,12:20,2018-04-11
2018-04-11 12:20:00,150,12:20,2018-04-11
2018-04-11 12:20:00,150,12:20,2018-04-11
2018-04-11 12:20:00,151,12:20,2018-04-11
2018-04-11 12:20:00,150,12:20,2018-04-11
2018-04-11 12:20:00,151,12:20,2018-04-11
2018-04-11 12:20:00,152,12:20,2018-04-11
2018-04-11 12:20:00,154,12:20,2018-04-11
2018-04-11 12:20:00,156,12:20,2018-04-11
2018-04-11 12:20:00,157,12:20,2018-04-11
2018-04-11 12:21:00,162,12:21,2018-04-11
2018-04-11 12:21:00,166,12:21,2018-04-11
2018-04-11 12:21:00,169,12:21,2018-04-11
2018-04-11 12:21:00,172,12:21,2018-04-11
2018-04-11 12:21:00,175,12:21,2018-04-11
2018-04-11 12:21:00,177,12:21,2018-04-11
2018-04-11 12:21:00,178,12:21,2018-04-11
2018-04-11 12:21:00,179,12:21,2018-04-11
2018-04-11 12:21:00,178,12:21,2018-04-11
2018-04-11 12:21:00,175,12:21,2018-04-11
2018-04-11 12:22:00,176,12:22,2018-04-11
2018-04-11 12:22:00,176,12:22,2018-04-11
2018-04-11 12:22:00,175,12:22,2018-04-11
2018-04-11 12:22:00,174,12:22,2018-04-11
2018-04-11 12:22:00,172,12:22,2018-04-11
2018-04-11 12:22:00,168,12:22,2018-04-11
2018-04-11 12:22:00,169,12:22,2018-04-11
2018-04-11 12:22:00,168,12:22,2018-04-11
2018-04-11 12:22:00,164,12:22,2018-04-11
2018-04-11 12:23:00,168,12:23,2018-04-11
2018-04-11 12:23:00,171,12:23,2018-04-11
2018-04-11 12:23:00,172,12:23,2018-04-11
2018-04-11 12:23:00,167,12:23,2018-04-11
2018-04-11 12:23:00,163,12:23,2018-04-11
2018-04-11 12:23:00,158,12:23,2018-04-11
2018-04-11 12:23:00,160,12:23,2018-04-11
2018-04-11 12:23:00,156,12:23,2018-04-11
2018-04-11 12:23:00,154,12:23,2018-04-11
2018-04-11 12:23:00,156,12:23,2018-04-11
2018-04-11 12:24:00,160,12:24,2018-04-11
2018-04-11 12:24:00,164,12:24,2018-04-11
2018-04-11 12:24:00,164,12:24,2018-04-11
2018-04-11 12:24:00,160,12:24,2018-04-11
2018-04-11 12:24:00,159,12:24,2018-04-11
2018-04-11 12:24:00,158,12:24,2018-04-11
2018-04-11 12:24:00,161,12:24,2018-04-11
2018-04-11 12:24:00,164,12:24,2018-04-11
2018-04-11 12:24:00,165,12:24,2018-04-11
2018-04-11 12:24:00,167,12:24,2018-04-11
2018-04-11 12:25:00,169,12:25,2018-04-11
2018-04-11 12:25:00,170,12:25,2018-04-11
2018-04-11 12:25:00,171,12:25,2018-04-11
2018-04-11 12:25:00,169,12:25,2018-04-11
2018-04-11 12:25:00,168,12:25,2018-04-11
2018-04-11 12:25:00,166,12:25,2018-04-11
2018-04-11 12:25:00,165,12:25,2018-04-11
2018-04-11 12:25:00,164,12:25,2018-04-11
2018-04-11 12:26:00,165,12:26,2018-04-11
2018-04-11 12:26:00,163,12:26,2018-04-11
2018-04-11 12:26:00,162,12:26,2018-04-11
2018-04-11 12:26:00,160,12:26,2018-04-11
2018-04-11 12:26:00,159,12:26,2018-04-11
2018-04-11 12:26:00,157,12:26,2018-04-11
2018-04-11 12:26:00,156,12:26,2018-04-11
2018-04-11 12:26:00,154,12:26,2018-04-11
2018-04-11 12:26:00,153,12:26,2018-04-11
2018-04-11 12:26:00,151,12:26,2018-04-11
2018-04-11 12:26:00,146,12:26,2018-04-11
2018-04-11 12:27:00,145,12:27,2018-04-11
2018-04-11 12:27:00,142,12:27,2018-04-11
2018-04-11 12:27:00,139,12:27,2018-04-11
2018-04-11 12:27:00,141,12:27,2018-04-11
2018-04-11 12:27:00,142,12:27,2018-04-11
2018-04-11 12:27:00,144,12:27,2018-04-11
2018-04-11 12:27:00,145,12:27,2018-04-11
2018-04-11 12:27:00,143,12:27,2018-04-11
2018-04-11 12:27:00,145,12:27,2018-04-11
2018-04-11 12:27:00,147,12:27,2018-04-11
2018-04-11 12:27:00,145,12:27,2018-04-11
2018-04-11 12:28:00,148,12:28,2018-04-11
2018-04-11 12:28:00,147,12:28,2018-04-11
2018-04-11 12:28:00,146,12:28,2018-04-11
2018-04-11 12:28:00,145,12:28,2018-04-11
2018-04-11 12:28:00,143,12:28,2018-04-11
2018-04-11 12:28:00,147,12:28,2018-04-11
2018-04-11 12:28:00,151,12:28,2018-04-11
2018-04-11 12:28:00,154,12:28,2018-04-11
2018-04-11 12:28:00,155,12:28,2018-04-11
2018-04-11 12:28:00,158,12:28,2018-04-11
2018-04-11 12:29:00,161,12:29,2018-04-11
2018-04-11 12:29:00,165,12:29,2018-04-11
2018-04-11 12:29:00,166,12:29,2018-04-11
2018-04-11 12:29:00,163,12:29,2018-04-11
2018-04-11 12:29:00,161,12:29,2018-04-11
2018-04-11 12:29:00,165,12:29,2018-04-11
2018-04-11 12:29:00,167,12:29,2018-04-11
2018-04-11 12:29:00,166,12:29,2018-04-11
2018-04-11 12:29:00,168,12:29,2018-04-11
2018-04-11 12:29:00,171,12:29,2018-04-11
2018-04-11 12:29:00,172,12:29,2018-04-11
2018-04-11 12:30:00,169,12:30,2018-04-11
2018-04-11 12:30:00,165,12:30,2018-04-11
2018-04-11 12:30:00,160,12:30,2018-04-11
2018-04-11 12:30:00,156,12:30,2018-04-11
2018-04-11 12:30:00,150,12:30,2018-04-11
2018-04-11 12:30:00,144,12:30,2018-04-11
2018-04-11 12:30:00,137,12:30,2018-04-11
2018-04-11 12:30:00,132,12:30,2018-04-11
2018-04-11 12:30:00,125,12:30,2018-04-11
2018-04-11 12:30:00,118,12:30,2018-04-11
2018-04-11 12:30:00,112,12:30,2018-04-11
2018-04-11 12:30:00,108,12:30,2018-04-11
2018-04-11 12:31:00,111,12:31,2018-04-11
2018-04-11 12:31:00,106,12:31,2018-04-11
2018-04-11 12:31:00,101,12:31,2018-04-11
2018-04-11 12:31:00,96,12:31,2018-04-11
2018-04-11 12:31:00,98,12:31,2018-04-11
2018-04-11 12:31:00,99,12:31,2018-04-11
2018-04-11 12:31:00,101,12:31,2018-04-11
2018-04-11 12:31:00,103,12:31,2018-04-11
2018-04-11 12:31:00,106,12:31,2018-04-11
2018-04-11 12:31:00,106,12:31,2018-04-11
2018-04-11 12:31:00,105,12:31,2018-04-11
2018-04-11 12:32:00,105,12:32,2018-04-11
2018-04-11 12:32:00,106,12:32,2018-04-11
2018-04-11 12:32:00,107,12:32,2018-04-11
2018-04-11 12:32:00,102,12:32,2018-04-11
2018-04-11 12:32:00,96,12:32,2018-04-11
2018-04-11 12:32:00,93,12:32,2018-04-11
2018-04-11 12:32:00,93,12:32,2018-04-11
2018-04-11 12:32:00,91,12:32,2018-04-11
2018-04-11 12:32:00,93,12:32,2018-04-11
2018-04-11 12:33:00,91,12:33,2018-04-11
2018-04-11 12:33:00,89,12:33,2018-04-11
2018-04-11 12:33:00,86,12:33,2018-04-11
2018-04-11 12:33:00,84,12:33,2018-04-11
2018-04-11 12:33:00,84,12:33,2018-04-11
2018-04-11 12:34:00,83,12:34,2018-04-11
2018-04-11 12:34:00,87,12:34,2018-04-11
2018-04-11 12:34:00,88,12:34,2018-04-11
2018-04-11 12:34:00,86,12:34,2018-04-11
2018-04-11 12:34:00,86,12:34,2018-04-11
2018-04-11 12:34:00,86,12:34,2018-04-11
2018-04-11 12:34:00,88,12:34,2018-04-11
2018-04-11 12:35:00,90,12:35,2018-04-11
2018-04-11 12:35:00,91,12:35,2018-04-11
2018-04-11 12:35:00,91,12:35,2018-04-11
2018-04-11 12:35:00,92,12:35,2018-04-11
2018-04-11 12:35:00,94,12:35,2018-04-11
2018-04-11 12:35:00,96,12:35,2018-04-11
2018-04-11 12:35:00,98,12:35,2018-04-11
2018-04-11 12:35:00,100,12:35,2018-04-11
2018-04-11 12:35:00,101,12:35,2018-04-11
2018-04-11 12:35:00,107,12:35,2018-04-11
2018-04-11 12:35:00,113,12:35,2018-04-11
2018-04-11 12:35:00,120,12:35,2018-04-11
2018-04-11 12:36:00,122,12:36,2018-04-11
2018-04-11 12:36:00,124,12:36,2018-04-11
2018-04-11 12:36:00,126,12:36,2018-04-11
2018-04-11 12:36:00,129,12:36,2018-04-11
2018-04-11 12:36:00,130,12:36,2018-04-11
2018-04-11 12:36:00,131,12:36,2018-04-11
2018-04-11 12:36:00,128,12:36,2018-04-11
2018-04-11 12:36:00,129,12:36,2018-04-11
2018-04-11 12:36:00,129,12:36,2018-04-11
2018-04-11 12:36:00,123,12:36,2018-04-11
2018-04-11 12:36:00,120,12:36,2018-04-11
2018-04-11 12:37:00,121,12:37,2018-04-11
2018-04-11 12:37:00,119,12:37,2018-04-11
2018-04-11 12:37:00,113,12:37,2018-04-11
2018-04-11 12:37:00,111,12:37,2018-04-11
2018-04-11 12:37:00,109,12:37,2018-04-11
2018-04-11 12:37:00,111,12:37,2018-04-11
2018-04-11 12:37:00,112,12:37,2018-04-11
2018-04-11 12:37:00,109,12:37,2018-04-11
2018-04-11 12:37:00,108,12:37,2018-04-11
2018-04-11 12:37:00,109,12:37,2018-04-11
2018-04-11 12:37:00,112,12:37,2018-04-11
2018-04-11 12:38:00,114,12:38,2018-04-11
2018-04-11 12:38:00,115,12:38,2018-04-11
2018-04-11 12:38:00,116,12:38,2018-04-11
2018-04-11 12:38:00,115,12:38,2018-04-11
2018-04-11 12:38:00,114,12:38,2018-04-11
2018-04-11 12:38:00,109,12:38,2018-04-11
2018-04-11 12:38:00,106,12:38,2018-04-11
2018-04-11 12:38:00,101,12:38,2018-04-11
2018-04-11 12:38:00,96,12:38,2018-04-11
2018-04-11 12:38:00,95,12:38,2018-04-11
2018-04-11 12:38:00,94,12:38,2018-04-11
2018-04-11 12:38:00,95,12:38,2018-04-11
2018-04-11 12:39:00,92,12:39,2018-04-11
2018-04-11 12:39:00,88,12:39,2018-04-11
2018-04-11 12:39:00,85,12:39,2018-04-11
2018-04-11 12:39:00,82,12:39,2018-04-11
2018-04-11 12:39:00,83,12:39,2018-04-11
2018-04-11 12:39:00,84,12:39,2018-04-11
2018-04-11 12:39:00,80,12:39,2018-04-11
2018-04-11 12:39:00,80,12:39,2018-04-11
2018-04-11 12:39:00,80,12:39,2018-04-11
2018-04-11 12:39:00,81,12:39,2018-04-11
2018-04-11 12:40:00,80,12:40,2018-04-11
2018-04-11 12:40:00,82,12:40,2018-04-11
2018-04-11 12:40:00,84,12:40,2018-04-11
2018-04-11 12:40:00,87,12:40,2018-04-11
2018-04-11 12:40:00,84,12:40,2018-04-11
2018-04-11 12:40:00,85,12:40,2018-04-11
2018-04-11 12:40:00,83,12:40,2018-04-11
2018-04-11 12:40:00,84,12:40,2018-04-11
2018-04-11 12:40:00,87,12:40,2018-04-11
2018-04-11 12:41:00,86,12:41,2018-04-11
2018-04-11 12:41:00,86,12:41,2018-04-11
2018-04-11 12:41:00,90,12:41,2018-04-11
2018-04-11 12:41:00,90,12:41,2018-04-11
2018-04-11 12:41:00,92,12:41,2018-04-11
2018-04-11 12:41:00,95,12:41,2018-04-11
2018-04-11 12:41:00,94,12:41,2018-04-11
2018-04-11 12:41:00,95,12:41,2018-04-11
2018-04-11 12:41:00,99,12:41,2018-04-11
2018-04-11 12:41:00,100,12:41,2018-04-11
2018-04-11 12:42:00,101,12:42,2018-04-11
2018-04-11 12:42:00,102,12:42,2018-04-11
2018-04-11 12:42:00,104,12:42,2018-04-11
2018-04-11 12:42:00,106,12:42,2018-04-11
2018-04-11 12:42:00,107,12:42,2018-04-11
2018-04-11 12:42:00,104,12:42,2018-04-11
2018-04-11 12:42:00,100,12:42,2018-04-11
2018-04-11 12:42:00,99,12:42,2018-04-11
2018-04-11 12:43:00,98,12:43,2018-04-11
2018-04-11 12:43:00,96,12:43,2018-04-11
2018-04-11 12:43:00,95,12:43,2018-04-11
2018-04-11 12:43:00,94,12:43,2018-04-11
2018-04-11 12:43:00,94,12:43,2018-04-11
2018-04-11 12:43:00,94,12:43,2018-04-11
2018-04-11 12:44:00,94,12:44,2018-04-11
2018-04-11 12:44:00,95,12:44,2018-04-11
2018-04-11 12:44:00,96,12:44,2018-04-11
2018-04-11 12:44:00,95,12:44,2018-04-11
2018-04-11 12:44:00,95,12:44,2018-04-11
2018-04-11 12:44:00,99,12:44,2018-04-11
2018-04-11 12:44:00,100,12:44,2018-04-11
2018-04-11 12:44:00,98,12:44,2018-04-11
2018-04-11 12:44:00,94,12:44,2018-04-11
2018-04-11 12:44:00,93,12:44,2018-04-11
2018-04-11 12:45:00,95,12:45,2018-04-11
2018-04-11 12:45:00,96,12:45,2018-04-11
2018-04-11 12:45:00,93,12:45,2018-04-11
2018-04-11 12:45:00,90,12:45,2018-04-11
2018-04-11 12:45:00,91,12:45,2018-04-11
2018-04-11 12:45:00,89,12:45,2018-04-11
2018-04-11 12:45:00,90,12:45,2018-04-11
2018-04-11 12:45:00,92,12:45,2018-04-11
2018-04-11 12:45:00,90,12:45,2018-04-11
2018-04-11 12:45:00,91,12:45,2018-04-11
2018-04-11 12:45:00,92,12:45,2018-04-11
2018-04-11 12:45:00,90,12:45,2018-04-11
2018-04-11 12:46:00,92,12:46,2018-04-11
2018-04-11 12:46:00,90,12:46,2018-04-11
2018-04-11 12:46:00,87,12:46,2018-04-11
2018-04-11 12:46:00,81,12:46,2018-04-11
2018-04-11 12:46:00,85,12:46,2018-04-11
2018-04-11 12:46:00,84,12:46,2018-04-11
2018-04-11 12:46:00,85,12:46,2018-04-11
2018-04-11 12:46:00,87,12:46,2018-04-11
2018-04-11 12:46:00,88,12:46,2018-04-11
2018-04-11 12:47:00,92,12:47,2018-04-11
2018-04-11 12:47:00,91,12:47,2018-04-11
2018-04-11 12:47:00,92,12:47,2018-04-11
2018-04-11 12:47:00,91,12:47,2018-04-11
2018-04-11 12:47:00,95,12:47,2018-04-11
2018-04-11 12:47:00,101,12:47,2018-04-11
2018-04-11 12:47:00,103,12:47,2018-04-11
2018-04-11 12:47:00,99,12:47,2018-04-11
2018-04-11 12:47:00,94,12:47,2018-04-11
2018-04-11 12:47:00,92,12:47,2018-04-11
2018-04-11 12:47:00,95,12:47,2018-04-11
2018-04-11 12:48:00,96,12:48,2018-04-11
2018-04-11 12:48:00,92,12:48,2018-04-11
2018-04-11 12:48:00,89,12:48,2018-04-11
2018-04-11 12:48:00,88,12:48,2018-04-11
2018-04-11 12:48:00,85,12:48,2018-04-11
2018-04-11 12:48:00,83,12:48,2018-04-11
2018-04-11 12:48:00,86,12:48,2018-04-11
2018-04-11 12:48:00,87,12:48,2018-04-11
2018-04-11 12:48:00,90,12:48,2018-04-11
2018-04-11 12:48:00,91,12:48,2018-04-11
2018-04-11 12:48:00,87,12:48,2018-04-11
2018-04-11 12:48:00,85,12:48,2018-04-11
2018-04-11 12:49:00,87,12:49,2018-04-11
2018-04-11 12:49:00,90,12:49,2018-04-11
2018-04-11 12:49:00,92,12:49,2018-04-11
2018-04-11 12:49:00,165,12:49,2018-04-11
2018-04-11 12:49:00,171,12:49,2018-04-11
2018-04-11 12:49:00,170,12:49,2018-04-11
2018-04-11 12:49:00,165,12:49,2018-04-11
2018-04-11 12:49:00,164,12:49,2018-04-11
2018-04-11 12:49:00,162,12:49,2018-04-11
2018-04-11 12:49:00,155,12:49,2018-04-11
2018-04-11 12:50:00,154,12:50,2018-04-11
2018-04-11 12:50:00,147,12:50,2018-04-11
2018-04-11 12:50:00,141,12:50,2018-04-11
2018-04-11 12:50:00,139,12:50,2018-04-11
2018-04-11 12:50:00,138,12:50,2018-04-11
2018-04-11 12:50:00,133,12:50,2018-04-11
2018-04-11 12:50:00,128,12:50,2018-04-11
2018-04-11 12:50:00,129,12:50,2018-04-11
2018-04-11 12:51:00,132,12:51,2018-04-11
2018-04-11 12:51:00,131,12:51,2018-04-11
2018-04-11 12:51:00,128,12:51,2018-04-11
2018-04-11 12:51:00,124,12:51,2018-04-11
2018-04-11 12:51:00,122,12:51,2018-04-11
2018-04-11 12:51:00,123,12:51,2018-04-11
2018-04-11 12:51:00,122,12:51,2018-04-11
2018-04-11 12:51:00,122,12:51,2018-04-11
2018-04-11 12:52:00,122,12:52,2018-04-11
2018-04-11 12:52:00,122,12:52,2018-04-11
2018-04-11 12:52:00,119,12:52,2018-04-11
2018-04-11 12:52:00,118,12:52,2018-04-11
2018-04-11 12:52:00,122,12:52,2018-04-11
2018-04-11 12:52:00,123,12:52,2018-04-11
2018-04-11 12:52:00,126,12:52,2018-04-11
2018-04-11 12:53:00,127,12:53,2018-04-11
2018-04-11 12:53:00,128,12:53,2018-04-11
2018-04-11 12:53:00,125,12:53,2018-04-11
2018-04-11 12:53:00,122,12:53,2018-04-11
2018-04-11 12:53:00,123,12:53,2018-04-11
2018-04-11 12:53:00,120,12:53,2018-04-11
2018-04-11 12:53:00,118,12:53,2018-04-11
2018-04-11 12:53:00,116,12:53,2018-04-11
2018-04-11 12:53:00,114,12:53,2018-04-11
2018-04-11 12:53:00,120,12:53,2018-04-11
2018-04-11 12:53:00,123,12:53,2018-04-11
2018-04-11 12:53:00,122,12:53,2018-04-11
2018-04-11 12:54:00,127,12:54,2018-04-11
2018-04-11 12:54:00,130,12:54,2018-04-11
2018-04-11 12:54:00,130,12:54,2018-04-11
2018-04-11 12:54:00,128,12:54,2018-04-11
2018-04-11 12:54:00,122,12:54,2018-04-11
2018-04-11 12:54:00,122,12:54,2018-04-11
2018-04-11 12:55:00,119,12:55,2018-04-11
2018-04-11 12:55:00,117,12:55,2018-04-11
2018-04-11 12:55:00,116,12:55,2018-04-11
2018-04-11 12:55:00,115,12:55,2018-04-11
2018-04-11 12:55:00,114,12:55,2018-04-11
2018-04-11 12:55:00,113,12:55,2018-04-11
2018-04-11 12:55:00,117,12:55,2018-04-11
2018-04-11 12:55:00,118,12:55,2018-04-11
2018-04-11 12:55:00,119,12:55,2018-04-11
2018-04-11 12:55:00,118,12:55,2018-04-11
2018-04-11 12:56:00,117,12:56,2018-04-11
2018-04-11 12:56:00,116,12:56,2018-04-11
2018-04-11 12:56:00,114,12:56,2018-04-11
2018-04-11 12:56:00,112,12:56,2018-04-11
2018-04-11 12:56:00,113,12:56,2018-04-11
2018-04-11 12:56:00,112,12:56,2018-04-11
2018-04-11 12:56:00,112,12:56,2018-04-11
2018-04-11 12:57:00,113,12:57,2018-04-11
2018-04-11 12:57:00,113,12:57,2018-04-11
2018-04-11 12:57:00,113,12:57,2018-04-11
2018-04-11 12:57:00,114,12:57,2018-04-11
2018-04-11 12:57:00,114,12:57,2018-04-11
2018-04-11 12:57:00,114,12:57,2018-04-11
2018-04-11 12:58:00,112,12:58,2018-04-11
2018-04-11 12:58:00,111,12:58,2018-04-11
2018-04-11 12:58:00,110,12:58,2018-04-11
2018-04-11 12:58:00,107,12:58,2018-04-11
2018-04-11 12:58:00,103,12:58,2018-04-11
2018-04-11 12:58:00,100,12:58,2018-04-11
2018-04-11 12:58:00,95,12:58,2018-04-11
2018-04-11 12:58:00,99,12:58,2018-04-11
2018-04-11 12:58:00,101,12:58,2018-04-11
2018-04-11 12:59:00,99,12:59,2018-04-11
2018-04-11 12:59:00,106,12:59,2018-04-11
2018-04-11 12:59:00,132,12:59,2018-04-11
2018-04-11 12:59:00,135,12:59,2018-04-11
2018-04-11 12:59:00,136,12:59,2018-04-11
2018-04-11 12:59:00,136,12:59,2018-04-11
2018-04-11 12:59:00,135,12:59,2018-04-11
2018-04-11 12:59:00,134,12:59,2018-04-11
2018-04-11 12:59:00,133,12:59,2018-04-11
2018-04-11 13:00:00,131,13:00,2018-04-11
2018-04-11 13:00:00,130,13:00,2018-04-11
2018-04-11 13:00:00,131,13:00,2018-04-11
2018-04-11 13:00:00,130,13:00,2018-04-11
2018-04-11 13:00:00,129,13:00,2018-04-11
2018-04-11 13:00:00,130,13:00,2018-04-11
2018-04-11 13:00:00,131,13:00,2018-04-11
2018-04-11 13:01:00,130,13:01,2018-04-11
2018-04-11 13:01:00,128,13:01,2018-04-11
2018-04-11 13:01:00,128,13:01,2018-04-11
2018-04-11 13:01:00,126,13:01,2018-04-11
2018-04-11 13:01:00,124,13:01,2018-04-11
2018-04-11 13:01:00,122,13:01,2018-04-11
2018-04-11 13:01:00,119,13:01,2018-04-11
2018-04-11 13:01:00,117,13:01,2018-04-11
2018-04-11 13:01:00,118,13:01,2018-04-11
2018-04-11 13:02:00,110,13:02,2018-04-11
2018-04-11 13:02:00,105,13:02,2018-04-11
2018-04-11 13:02:00,106,13:02,2018-04-11
2018-04-11 13:02:00,105,13:02,2018-04-11
2018-04-11 13:02:00,101,13:02,2018-04-11
2018-04-11 13:02:00,100,13:02,2018-04-11
2018-04-11 13:02:00,95,13:02,2018-04-11
2018-04-11 13:02:00,94,13:02,2018-04-11
2018-04-11 13:02:00,93,13:02,2018-04-11
2018-04-11 13:02:00,94,13:02,2018-04-11
2018-04-11 13:02:00,96,13:02,2018-04-11
2018-04-11 13:03:00,100,13:03,2018-04-11
2018-04-11 13:03:00,104,13:03,2018-04-11
2018-04-11 13:03:00,109,13:03,2018-04-11
2018-04-11 13:03:00,112,13:03,2018-04-11
2018-04-11 13:03:00,111,13:03,2018-04-11
2018-04-11 13:03:00,112,13:03,2018-04-11
2018-04-11 13:03:00,113,13:03,2018-04-11
2018-04-11 13:03:00,112,13:03,2018-04-11
2018-04-11 13:03:00,113,13:03,2018-04-11
2018-04-11 13:03:00,111,13:03,2018-04-11
2018-04-11 13:03:00,102,13:03,2018-04-11
2018-04-11 13:03:00,102,13:03,2018-04-11
2018-04-11 13:04:00,106,13:04,2018-04-11
2018-04-11 13:04:00,109,13:04,2018-04-11
2018-04-11 13:04:00,105,13:04,2018-04-11
2018-04-11 13:04:00,106,13:04,2018-04-11
2018-04-11 13:04:00,109,13:04,2018-04-11
2018-04-11 13:04:00,111,13:04,2018-04-11
2018-04-11 13:04:00,115,13:04,2018-04-11
2018-04-11 13:04:00,119,13:04,2018-04-11
2018-04-11 13:04:00,122,13:04,2018-04-11
2018-04-11 13:04:00,120,13:04,2018-04-11
2018-04-11 13:05:00,119,13:05,2018-04-11
2018-04-11 13:05:00,118,13:05,2018-04-11
2018-04-11 13:05:00,119,13:05,2018-04-11
2018-04-11 13:05:00,117,13:05,2018-04-11
2018-04-11 13:05:00,115,13:05,2018-04-11
2018-04-11 13:06:00,110,13:06,2018-04-11
2018-04-11 13:06:00,113,13:06,2018-04-11
2018-04-11 13:06:00,112,13:06,2018-04-11
2018-04-11 13:06:00,116,13:06,2018-04-11
2018-04-11 13:06:00,117,13:06,2018-04-11
2018-04-11 13:06:00,119,13:06,2018-04-11
2018-04-11 13:06:00,125,13:06,2018-04-11
2018-04-11 13:06:00,129,13:06,2018-04-11
2018-04-11 13:06:00,133,13:06,2018-04-11
2018-04-11 13:07:00,135,13:07,2018-04-11
2018-04-11 13:07:00,139,13:07,2018-04-11
2018-04-11 13:07:00,141,13:07,2018-04-11
2018-04-11 13:07:00,143,13:07,2018-04-11
2018-04-11 13:07:00,145,13:07,2018-04-11
2018-04-11 13:07:00,143,13:07,2018-04-11
2018-04-11 13:07:00,140,13:07,2018-04-11
2018-04-11 13:07:00,139,13:07,2018-04-11
2018-04-11 13:07:00,134,13:07,2018-04-11
2018-04-11 13:07:00,130,13:07,2018-04-11
2018-04-11 13:07:00,132,13:07,2018-04-11
2018-04-11 13:08:00,129,13:08,2018-04-11
2018-04-11 13:08:00,126,13:08,2018-04-11
2018-04-11 13:08:00,126,13:08,2018-04-11
2018-04-11 13:08:00,124,13:08,2018-04-11
2018-04-11 13:08:00,121,13:08,2018-04-11
2018-04-11 13:08:00,116,13:08,2018-04-11
2018-04-11 13:08:00,110,13:08,2018-04-11
2018-04-11 13:08:00,108,13:08,2018-04-11
2018-04-11 13:08:00,107,13:08,2018-04-11
2018-04-11 13:09:00,110,13:09,2018-04-11
2018-04-11 13:09:00,114,13:09,2018-04-11
2018-04-11 13:09:00,111,13:09,2018-04-11
2018-04-11 13:09:00,103,13:09,2018-04-11
2018-04-11 13:09:00,99,13:09,2018-04-11
2018-04-11 13:09:00,101,13:09,2018-04-11
2018-04-11 13:09:00,103,13:09,2018-04-11
2018-04-11 13:09:00,101,13:09,2018-04-11
2018-04-11 13:10:00,106,13:10,2018-04-11
2018-04-11 13:10:00,113,13:10,2018-04-11
2018-04-11 13:10:00,112,13:10,2018-04-11
2018-04-11 13:10:00,115,13:10,2018-04-11
2018-04-11 13:10:00,121,13:10,2018-04-11
2018-04-11 13:10:00,121,13:10,2018-04-11
2018-04-11 13:10:00,123,13:10,2018-04-11
2018-04-11 13:10:00,124,13:10,2018-04-11
2018-04-11 13:11:00,124,13:11,2018-04-11
2018-04-11 13:11:00,123,13:11,2018-04-11
2018-04-11 13:11:00,120,13:11,2018-04-11
2018-04-11 13:11:00,120,13:11,2018-04-11
2018-04-11 13:11:00,122,13:11,2018-04-11
2018-04-11 13:11:00,123,13:11,2018-04-11
2018-04-11 13:11:00,124,13:11,2018-04-11
2018-04-11 13:11:00,123,13:11,2018-04-11
2018-04-11 13:12:00,123,13:12,2018-04-11
2018-04-11 13:12:00,122,13:12,2018-04-11
2018-04-11 13:12:00,121,13:12,2018-04-11
2018-04-11 13:12:00,121,13:12,2018-04-11
2018-04-11 13:12:00,121,13:12,2018-04-11
2018-04-11 13:12:00,120,13:12,2018-04-11
2018-04-11 13:13:00,121,13:13,2018-04-11
2018-04-11 13:13:00,120,13:13,2018-04-11
2018-04-11 13:13:00,122,13:13,2018-04-11
2018-04-11 13:13:00,125,13:13,2018-04-11
2018-04-11 13:13:00,125,13:13,2018-04-11
2018-04-11 13:13:00,121,13:13,2018-04-11
2018-04-11 13:13:00,118,13:13,2018-04-11
2018-04-11 13:13:00,114,13:13,2018-04-11
2018-04-11 13:13:00,109,13:13,2018-04-11
2018-04-11 13:13:00,106,13:13,2018-04-11
2018-04-11 13:13:00,106,13:13,2018-04-11
2018-04-11 13:14:00,110,13:14,2018-04-11
2018-04-11 13:14:00,114,13:14,2018-04-11
2018-04-11 13:14:00,113,13:14,2018-04-11
2018-04-11 13:14:00,110,13:14,2018-04-11
2018-04-11 13:14:00,112,13:14,2018-04-11
2018-04-11 13:14:00,115,13:14,2018-04-11
2018-04-11 13:14:00,113,13:14,2018-04-11
2018-04-11 13:14:00,109,13:14,2018-04-11
2018-04-11 13:14:00,104,13:14,2018-04-11
2018-04-11 13:15:00,105,13:15,2018-04-11
2018-04-11 13:15:00,114,13:15,2018-04-11
2018-04-11 13:15:00,120,13:15,2018-04-11
2018-04-11 13:15:00,125,13:15,2018-04-11
2018-04-11 13:15:00,127,13:15,2018-04-11
2018-04-11 13:15:00,122,13:15,2018-04-11
2018-04-11 13:15:00,118,13:15,2018-04-11
2018-04-11 13:15:00,117,13:15,2018-04-11
2018-04-11 13:15:00,119,13:15,2018-04-11
2018-04-11 13:15:00,118,13:15,2018-04-11
2018-04-11 13:16:00,114,13:16,2018-04-11
2018-04-11 13:16:00,112,13:16,2018-04-11
2018-04-11 13:16:00,110,13:16,2018-04-11
2018-04-11 13:16:00,111,13:16,2018-04-11
2018-04-11 13:16:00,110,13:16,2018-04-11
2018-04-11 13:16:00,110,13:16,2018-04-11
2018-04-11 13:16:00,110,13:16,2018-04-11
2018-04-11 13:16:00,111,13:16,2018-04-11
2018-04-11 13:16:00,115,13:16,2018-04-11
2018-04-11 13:16:00,118,13:16,2018-04-11
2018-04-11 13:17:00,122,13:17,2018-04-11
2018-04-11 13:17:00,119,13:17,2018-04-11
2018-04-11 13:17:00,115,13:17,2018-04-11
2018-04-11 13:17:00,116,13:17,2018-04-11
2018-04-11 13:17:00,114,13:17,2018-04-11
2018-04-11 13:17:00,111,13:17,2018-04-11
2018-04-11 13:17:00,112,13:17,2018-04-11
2018-04-11 13:17:00,115,13:17,2018-04-11
2018-04-11 13:17:00,117,13:17,2018-04-11
2018-04-11 13:17:00,119,13:17,2018-04-11
2018-04-11 13:18:00,120,13:18,2018-04-11
2018-04-11 13:18:00,117,13:18,2018-04-11
2018-04-11 13:18:00,117,13:18,2018-04-11
2018-04-11 13:18:00,116,13:18,2018-04-11
2018-04-11 13:18:00,117,13:18,2018-04-11
2018-04-11 13:18:00,118,13:18,2018-04-11
2018-04-11 13:18:00,117,13:18,2018-04-11
2018-04-11 13:18:00,119,13:18,2018-04-11
2018-04-11 13:18:00,124,13:18,2018-04-11
2018-04-11 13:18:00,129,13:18,2018-04-11
2018-04-11 13:18:00,134,13:18,2018-04-11
2018-04-11 13:18:00,131,13:18,2018-04-11
2018-04-11 13:19:00,127,13:19,2018-04-11
2018-04-11 13:19:00,130,13:19,2018-04-11
2018-04-11 13:19:00,129,13:19,2018-04-11
2018-04-11 13:19:00,126,13:19,2018-04-11
2018-04-11 13:19:00,166,13:19,2018-04-11
2018-04-11 13:19:00,165,13:19,2018-04-11
2018-04-11 13:19:00,163,13:19,2018-04-11
2018-04-11 13:19:00,159,13:19,2018-04-11
2018-04-11 13:19:00,153,13:19,2018-04-11
2018-04-11 13:19:00,149,13:19,2018-04-11
2018-04-11 13:19:00,143,13:19,2018-04-11
2018-04-11 13:20:00,139,13:20,2018-04-11
2018-04-11 13:20:00,130,13:20,2018-04-11
2018-04-11 13:20:00,129,13:20,2018-04-11
2018-04-11 13:20:00,129,13:20,2018-04-11
2018-04-11 13:20:00,128,13:20,2018-04-11
2018-04-11 13:20:00,122,13:20,2018-04-11
2018-04-11 13:21:00,122,13:21,2018-04-11
2018-04-11 13:21:00,120,13:21,2018-04-11
2018-04-11 13:21:00,115,13:21,2018-04-11
2018-04-11 13:21:00,111,13:21,2018-04-11
2018-04-11 13:21:00,110,13:21,2018-04-11
2018-04-11 13:21:00,105,13:21,2018-04-11
2018-04-11 13:21:00,105,13:21,2018-04-11
2018-04-11 13:21:00,106,13:21,2018-04-11
2018-04-11 13:22:00,106,13:22,2018-04-11
2018-04-11 13:22:00,100,13:22,2018-04-11
2018-04-11 13:22:00,96,13:22,2018-04-11
2018-04-11 13:22:00,92,13:22,2018-04-11
2018-04-11 13:22:00,104,13:22,2018-04-11
2018-04-11 13:22:00,103,13:22,2018-04-11
2018-04-11 13:23:00,101,13:23,2018-04-11
2018-04-11 13:23:00,102,13:23,2018-04-11
2018-04-11 13:23:00,100,13:23,2018-04-11
2018-04-11 13:23:00,96,13:23,2018-04-11
2018-04-11 13:23:00,95,13:23,2018-04-11
2018-04-11 13:23:00,91,13:23,2018-04-11
2018-04-11 13:23:00,91,13:23,2018-04-11
2018-04-11 13:24:00,88,13:24,2018-04-11
2018-04-11 13:24:00,93,13:24,2018-04-11
2018-04-11 13:24:00,95,13:24,2018-04-11
2018-04-11 13:24:00,96,13:24,2018-04-11
2018-04-11 13:24:00,101,13:24,2018-04-11
2018-04-11 13:24:00,101,13:24,2018-04-11
2018-04-11 13:24:00,101,13:24,2018-04-11
2018-04-11 13:25:00,99,13:25,2018-04-11
2018-04-11 13:25:00,94,13:25,2018-04-11
2018-04-11 13:25:00,93,13:25,2018-04-11
2018-04-11 13:25:00,94,13:25,2018-04-11
2018-04-11 13:25:00,98,13:25,2018-04-11
2018-04-11 13:25:00,98,13:25,2018-04-11
2018-04-11 13:25:00,99,13:25,2018-04-11
2018-04-11 13:25:00,100,13:25,2018-04-11
2018-04-11 13:25:00,100,13:25,2018-04-11
2018-04-11 13:25:00,98,13:25,2018-04-11
2018-04-11 13:25:00,96,13:25,2018-04-11
2018-04-11 13:26:00,95,13:26,2018-04-11
2018-04-11 13:26:00,94,13:26,2018-04-11
2018-04-11 13:26:00,94,13:26,2018-04-11
2018-04-11 13:26:00,94,13:26,2018-04-11
2018-04-11 13:26:00,97,13:26,2018-04-11
2018-04-11 13:26:00,98,13:26,2018-04-11
2018-04-11 13:26:00,94,13:26,2018-04-11
2018-04-11 13:27:00,96,13:27,2018-04-11
2018-04-11 13:27:00,97,13:27,2018-04-11
2018-04-11 13:27:00,100,13:27,2018-04-11
2018-04-11 13:27:00,102,13:27,2018-04-11
2018-04-11 13:27:00,105,13:27,2018-04-11
2018-04-11 13:27:00,112,13:27,2018-04-11
2018-04-11 13:27:00,115,13:27,2018-04-11
2018-04-11 13:27:00,113,13:27,2018-04-11
2018-04-11 13:27:00,112,13:27,2018-04-11
2018-04-11 13:28:00,111,13:28,2018-04-11
2018-04-11 13:28:00,113,13:28,2018-04-11
2018-04-11 13:28:00,117,13:28,2018-04-11
2018-04-11 13:28:00,118,13:28,2018-04-11
2018-04-11 13:28:00,117,13:28,2018-04-11
2018-04-11 13:28:00,116,13:28,2018-04-11
2018-04-11 13:28:00,117,13:28,2018-04-11
2018-04-11 13:28:00,116,13:28,2018-04-11
2018-04-11 13:28:00,115,13:28,2018-04-11
2018-04-11 13:28:00,114,13:28,2018-04-11
2018-04-11 13:29:00,113,13:29,2018-04-11
2018-04-11 13:29:00,112,13:29,2018-04-11
2018-04-11 13:29:00,110,13:29,2018-04-11
2018-04-11 13:29:00,108,13:29,2018-04-11
2018-04-11 13:29:00,107,13:29,2018-04-11
2018-04-11 13:29:00,108,13:29,2018-04-11
2018-04-11 13:29:00,101,13:29,2018-04-11
2018-04-11 13:29:00,100,13:29,2018-04-11
2018-04-11 13:29:00,103,13:29,2018-04-11
2018-04-11 13:29:00,104,13:29,2018-04-11
2018-04-11 13:29:00,105,13:29,2018-04-11
2018-04-11 13:30:00,106,13:30,2018-04-11
2018-04-11 13:30:00,103,13:30,2018-04-11
2018-04-11 13:30:00,104,13:30,2018-04-11
2018-04-11 13:30:00,107,13:30,2018-04-11
2018-04-11 13:30:00,103,13:30,2018-04-11
2018-04-11 13:30:00,104,13:30,2018-04-11
2018-04-11 13:30:00,105,13:30,2018-04-11
2018-04-11 13:30:00,104,13:30,2018-04-11
2018-04-11 13:30:00,106,13:30,2018-04-11
2018-04-11 13:30:00,111,13:30,2018-04-11
2018-04-11 13:31:00,110,13:31,2018-04-11
2018-04-11 13:31:00,107,13:31,2018-04-11
2018-04-11 13:31:00,110,13:31,2018-04-11
2018-04-11 13:31:00,111,13:31,2018-04-11
2018-04-11 13:31:00,135,13:31,2018-04-11
2018-04-11 13:31:00,135,13:31,2018-04-11
2018-04-11 13:31:00,133,13:31,2018-04-11
2018-04-11 13:31:00,132,13:31,2018-04-11
2018-04-11 13:32:00,130,13:32,2018-04-11
2018-04-11 13:32:00,129,13:32,2018-04-11
2018-04-11 13:32:00,128,13:32,2018-04-11
2018-04-11 13:32:00,127,13:32,2018-04-11
2018-04-11 13:32:00,127,13:32,2018-04-11
2018-04-11 13:32:00,123,13:32,2018-04-11
2018-04-11 13:32:00,121,13:32,2018-04-11
2018-04-11 13:32:00,120,13:32,2018-04-11
2018-04-11 13:32:00,121,13:32,2018-04-11
2018-04-11 13:32:00,122,13:32,2018-04-11
2018-04-11 13:33:00,121,13:33,2018-04-11
2018-04-11 13:33:00,120,13:33,2018-04-11
2018-04-11 13:33:00,114,13:33,2018-04-11
2018-04-11 13:33:00,111,13:33,2018-04-11
2018-04-11 13:33:00,112,13:33,2018-04-11
2018-04-11 13:33:00,112,13:33,2018-04-11
2018-04-11 13:33:00,118,13:33,2018-04-11
2018-04-11 13:33:00,121,13:33,2018-04-11
2018-04-11 13:33:00,124,13:33,2018-04-11
2018-04-11 13:34:00,134,13:34,2018-04-11
2018-04-11 13:34:00,140,13:34,2018-04-11
2018-04-11 13:34:00,138,13:34,2018-04-11
2018-04-11 13:34:00,135,13:34,2018-04-11
2018-04-11 13:34:00,133,13:34,2018-04-11
2018-04-11 13:34:00,127,13:34,2018-04-11
2018-04-11 13:34:00,124,13:34,2018-04-11
2018-04-11 13:34:00,122,13:34,2018-04-11
2018-04-11 13:34:00,121,13:34,2018-04-11
2018-04-11 13:34:00,119,13:34,2018-04-11
2018-04-11 13:34:00,119,13:34,2018-04-11
2018-04-11 13:35:00,116,13:35,2018-04-11
2018-04-11 13:35:00,115,13:35,2018-04-11
2018-04-11 13:35:00,118,13:35,2018-04-11
2018-04-11 13:35:00,114,13:35,2018-04-11
2018-04-11 13:35:00,111,13:35,2018-04-11
2018-04-11 13:35:00,112,13:35,2018-04-11
2018-04-11 13:35:00,111,13:35,2018-04-11
2018-04-11 13:35:00,115,13:35,2018-04-11
2018-04-11 13:35:00,120,13:35,2018-04-11
2018-04-11 13:36:00,124,13:36,2018-04-11
2018-04-11 13:36:00,128,13:36,2018-04-11
2018-04-11 13:36:00,131,13:36,2018-04-11
2018-04-11 13:36:00,130,13:36,2018-04-11
2018-04-11 13:36:00,126,13:36,2018-04-11
2018-04-11 13:36:00,125,13:36,2018-04-11
2018-04-11 13:36:00,120,13:36,2018-04-11
2018-04-11 13:36:00,119,13:36,2018-04-11
2018-04-11 13:36:00,121,13:36,2018-04-11
2018-04-11 13:36:00,122,13:36,2018-04-11
2018-04-11 13:36:00,132,13:36,2018-04-11
2018-04-11 13:36:00,135,13:36,2018-04-11
2018-04-11 13:37:00,134,13:37,2018-04-11
2018-04-11 13:37:00,133,13:37,2018-04-11
2018-04-11 13:37:00,128,13:37,2018-04-11
2018-04-11 13:37:00,128,13:37,2018-04-11
2018-04-11 13:37:00,126,13:37,2018-04-11
2018-04-11 13:37:00,115,13:37,2018-04-11
2018-04-11 13:37:00,114,13:37,2018-04-11
2018-04-11 13:37:00,113,13:37,2018-04-11
2018-04-11 13:38:00,113,13:38,2018-04-11
2018-04-11 13:38:00,113,13:38,2018-04-11
2018-04-11 13:38:00,111,13:38,2018-04-11
2018-04-11 13:38:00,109,13:38,2018-04-11
2018-04-11 13:38:00,109,13:38,2018-04-11
2018-04-11 13:38:00,109,13:38,2018-04-11
2018-04-11 13:39:00,108,13:39,2018-04-11
2018-04-11 13:39:00,109,13:39,2018-04-11
2018-04-11 13:39:00,108,13:39,2018-04-11
2018-04-11 13:39:00,112,13:39,2018-04-11
2018-04-11 13:39:00,113,13:39,2018-04-11
2018-04-11 13:39:00,114,13:39,2018-04-11
2018-04-11 13:39:00,115,13:39,2018-04-11
2018-04-11 13:39:00,117,13:39,2018-04-11
2018-04-11 13:39:00,114,13:39,2018-04-11
2018-04-11 13:39:00,111,13:39,2018-04-11
2018-04-11 13:40:00,110,13:40,2018-04-11
2018-04-11 13:40:00,113,13:40,2018-04-11
2018-04-11 13:40:00,115,13:40,2018-04-11
2018-04-11 13:40:00,113,13:40,2018-04-11
2018-04-11 13:40:00,110,13:40,2018-04-11
2018-04-11 13:40:00,113,13:40,2018-04-11
2018-04-11 13:40:00,115,13:40,2018-04-11
2018-04-11 13:41:00,115,13:41,2018-04-11
2018-04-11 13:41:00,116,13:41,2018-04-11
2018-04-11 13:41:00,115,13:41,2018-04-11
2018-04-11 13:41:00,114,13:41,2018-04-11
2018-04-11 13:41:00,118,13:41,2018-04-11
2018-04-11 13:41:00,117,13:41,2018-04-11
2018-04-11 13:41:00,119,13:41,2018-04-11
2018-04-11 13:41:00,121,13:41,2018-04-11
2018-04-11 13:41:00,124,13:41,2018-04-11
2018-04-11 13:41:00,122,13:41,2018-04-11
2018-04-11 13:42:00,121,13:42,2018-04-11
2018-04-11 13:42:00,119,13:42,2018-04-11
2018-04-11 13:42:00,121,13:42,2018-04-11
2018-04-11 13:42:00,120,13:42,2018-04-11
2018-04-11 13:42:00,119,13:42,2018-04-11
2018-04-11 13:42:00,118,13:42,2018-04-11
2018-04-11 13:42:00,113,13:42,2018-04-11
2018-04-11 13:42:00,112,13:42,2018-04-11
2018-04-11 13:42:00,110,13:42,2018-04-11
2018-04-11 13:42:00,109,13:42,2018-04-11
2018-04-11 13:42:00,107,13:42,2018-04-11
2018-04-11 13:42:00,106,13:42,2018-04-11
2018-04-11 13:43:00,105,13:43,2018-04-11
2018-04-11 13:43:00,104,13:43,2018-04-11
2018-04-11 13:43:00,103,13:43,2018-04-11
2018-04-11 13:43:00,101,13:43,2018-04-11
2018-04-11 13:43:00,105,13:43,2018-04-11
2018-04-11 13:43:00,104,13:43,2018-04-11
2018-04-11 13:43:00,103,13:43,2018-04-11
2018-04-11 13:43:00,98,13:43,2018-04-11
2018-04-11 13:43:00,101,13:43,2018-04-11
2018-04-11 13:44:00,103,13:44,2018-04-11
2018-04-11 13:44:00,104,13:44,2018-04-11
2018-04-11 13:44:00,107,13:44,2018-04-11
2018-04-11 13:44:00,109,13:44,2018-04-11
2018-04-11 13:44:00,112,13:44,2018-04-11
2018-04-11 13:44:00,110,13:44,2018-04-11
2018-04-11 13:44:00,108,13:44,2018-04-11
2018-04-11 13:44:00,128,13:44,2018-04-11
2018-04-11 13:44:00,133,13:44,2018-04-11
2018-04-11 13:45:00,123,13:45,2018-04-11
2018-04-11 13:45:00,115,13:45,2018-04-11
2018-04-11 13:45:00,113,13:45,2018-04-11
2018-04-11 13:45:00,111,13:45,2018-04-11
2018-04-11 13:45:00,110,13:45,2018-04-11
2018-04-11 13:45:00,109,13:45,2018-04-11
2018-04-11 13:45:00,108,13:45,2018-04-11
2018-04-11 13:45:00,104,13:45,2018-04-11
2018-04-11 13:45:00,105,13:45,2018-04-11
2018-04-11 13:45:00,105,13:45,2018-04-11
2018-04-11 13:46:00,103,13:46,2018-04-11
2018-04-11 13:46:00,99,13:46,2018-04-11
2018-04-11 13:46:00,98,13:46,2018-04-11
2018-04-11 13:46:00,99,13:46,2018-04-11
2018-04-11 13:46:00,96,13:46,2018-04-11
2018-04-11 13:46:00,97,13:46,2018-04-11
2018-04-11 13:46:00,96,13:46,2018-04-11
2018-04-11 13:47:00,95,13:47,2018-04-11
2018-04-11 13:47:00,94,13:47,2018-04-11
2018-04-11 13:47:00,95,13:47,2018-04-11
2018-04-11 13:47:00,98,13:47,2018-04-11
2018-04-11 13:47:00,98,13:47,2018-04-11
2018-04-11 13:47:00,99,13:47,2018-04-11
2018-04-11 13:47:00,98,13:47,2018-04-11
2018-04-11 13:47:00,98,13:47,2018-04-11
2018-04-11 13:47:00,97,13:47,2018-04-11
2018-04-11 13:47:00,99,13:47,2018-04-11
2018-04-11 13:48:00,98,13:48,2018-04-11
2018-04-11 13:48:00,97,13:48,2018-04-11
2018-04-11 13:48:00,96,13:48,2018-04-11
2018-04-11 13:48:00,98,13:48,2018-04-11
2018-04-11 13:48:00,100,13:48,2018-04-11
2018-04-11 13:48:00,102,13:48,2018-04-11
2018-04-11 13:48:00,101,13:48,2018-04-11
2018-04-11 13:49:00,100,13:49,2018-04-11
2018-04-11 13:49:00,102,13:49,2018-04-11
2018-04-11 13:49:00,100,13:49,2018-04-11
2018-04-11 13:49:00,102,13:49,2018-04-11
2018-04-11 13:49:00,101,13:49,2018-04-11
2018-04-11 13:49:00,104,13:49,2018-04-11
2018-04-11 13:49:00,103,13:49,2018-04-11
2018-04-11 13:49:00,107,13:49,2018-04-11
2018-04-11 13:49:00,114,13:49,2018-04-11
2018-04-11 13:49:00,115,13:49,2018-04-11
2018-04-11 13:50:00,115,13:50,2018-04-11
2018-04-11 13:50:00,117,13:50,2018-04-11
2018-04-11 13:50:00,118,13:50,2018-04-11
2018-04-11 13:50:00,121,13:50,2018-04-11
2018-04-11 13:50:00,124,13:50,2018-04-11
2018-04-11 13:50:00,122,13:50,2018-04-11
2018-04-11 13:50:00,127,13:50,2018-04-11
2018-04-11 13:50:00,128,13:50,2018-04-11
2018-04-11 13:50:00,122,13:50,2018-04-11
2018-04-11 13:50:00,119,13:50,2018-04-11
2018-04-11 13:50:00,117,13:50,2018-04-11
2018-04-11 13:51:00,123,13:51,2018-04-11
2018-04-11 13:51:00,127,13:51,2018-04-11
2018-04-11 13:51:00,129,13:51,2018-04-11
2018-04-11 13:51:00,127,13:51,2018-04-11
2018-04-11 13:51:00,127,13:51,2018-04-11
2018-04-11 13:51:00,127,13:51,2018-04-11
2018-04-11 13:51:00,126,13:51,2018-04-11
2018-04-11 13:51:00,124,13:51,2018-04-11
2018-04-11 13:52:00,125,13:52,2018-04-11
2018-04-11 13:52:00,126,13:52,2018-04-11
2018-04-11 13:52:00,128,13:52,2018-04-11
2018-04-11 13:52:00,126,13:52,2018-04-11
2018-04-11 13:52:00,123,13:52,2018-04-11
2018-04-11 13:52:00,120,13:52,2018-04-11
2018-04-11 13:52:00,117,13:52,2018-04-11
2018-04-11 13:52:00,119,13:52,2018-04-11
2018-04-11 13:52:00,122,13:52,2018-04-11
2018-04-11 13:52:00,120,13:52,2018-04-11
2018-04-11 13:52:00,124,13:52,2018-04-11
2018-04-11 13:52:00,123,13:52,2018-04-11
2018-04-11 13:53:00,122,13:53,2018-04-11
2018-04-11 13:53:00,120,13:53,2018-04-11
2018-04-11 13:53:00,125,13:53,2018-04-11
2018-04-11 13:53:00,128,13:53,2018-04-11
2018-04-11 13:53:00,130,13:53,2018-04-11
2018-04-11 13:53:00,129,13:53,2018-04-11
2018-04-11 13:53:00,126,13:53,2018-04-11
2018-04-11 13:53:00,124,13:53,2018-04-11
2018-04-11 13:53:00,123,13:53,2018-04-11
2018-04-11 13:53:00,119,13:53,2018-04-11
2018-04-11 13:54:00,118,13:54,2018-04-11
2018-04-11 13:54:00,118,13:54,2018-04-11
2018-04-11 13:54:00,121,13:54,2018-04-11
2018-04-11 13:54:00,122,13:54,2018-04-11
2018-04-11 13:54:00,121,13:54,2018-04-11
2018-04-11 13:54:00,118,13:54,2018-04-11
2018-04-11 13:54:00,117,13:54,2018-04-11
2018-04-11 13:54:00,116,13:54,2018-04-11
2018-04-11 13:54:00,119,13:54,2018-04-11
2018-04-11 13:54:00,120,13:54,2018-04-11
2018-04-11 13:54:00,122,13:54,2018-04-11
2018-04-11 13:55:00,120,13:55,2018-04-11
2018-04-11 13:55:00,121,13:55,2018-04-11
2018-04-11 13:55:00,118,13:55,2018-04-11
2018-04-11 13:55:00,115,13:55,2018-04-11
2018-04-11 13:55:00,113,13:55,2018-04-11
2018-04-11 13:55:00,108,13:55,2018-04-11
2018-04-11 13:55:00,104,13:55,2018-04-11
2018-04-11 13:55:00,101,13:55,2018-04-11
2018-04-11 13:55:00,99,13:55,2018-04-11
2018-04-11 13:56:00,97,13:56,2018-04-11
2018-04-11 13:56:00,96,13:56,2018-04-11
2018-04-11 13:56:00,94,13:56,2018-04-11
2018-04-11 13:56:00,95,13:56,2018-04-11
2018-04-11 13:56:00,93,13:56,2018-04-11
2018-04-11 13:56:00,95,13:56,2018-04-11
2018-04-11 13:56:00,99,13:56,2018-04-11
2018-04-11 13:56:00,96,13:56,2018-04-11
2018-04-11 13:56:00,96,13:56,2018-04-11
2018-04-11 13:56:00,97,13:56,2018-04-11
2018-04-11 13:56:00,94,13:56,2018-04-11
2018-04-11 13:57:00,91,13:57,2018-04-11
2018-04-11 13:57:00,90,13:57,2018-04-11
2018-04-11 13:57:00,91,13:57,2018-04-11
2018-04-11 13:57:00,92,13:57,2018-04-11
2018-04-11 13:57:00,94,13:57,2018-04-11
2018-04-11 13:57:00,96,13:57,2018-04-11
2018-04-11 13:57:00,95,13:57,2018-04-11
2018-04-11 13:57:00,96,13:57,2018-04-11
2018-04-11 13:57:00,98,13:57,2018-04-11
2018-04-11 13:57:00,102,13:57,2018-04-11
2018-04-11 13:58:00,104,13:58,2018-04-11
2018-04-11 13:58:00,107,13:58,2018-04-11
2018-04-11 13:58:00,110,13:58,2018-04-11
2018-04-11 13:58:00,113,13:58,2018-04-11
2018-04-11 13:58:00,112,13:58,2018-04-11
2018-04-11 13:58:00,117,13:58,2018-04-11
2018-04-11 13:58:00,113,13:58,2018-04-11
2018-04-11 13:58:00,112,13:58,2018-04-11
2018-04-11 13:58:00,112,13:58,2018-04-11
2018-04-11 13:58:00,112,13:58,2018-04-11
2018-04-11 13:58:00,115,13:58,2018-04-11
2018-04-11 13:59:00,118,13:59,2018-04-11
2018-04-11 13:59:00,120,13:59,2018-04-11
2018-04-11 13:59:00,121,13:59,2018-04-11
2018-04-11 13:59:00,126,13:59,2018-04-11
2018-04-11 13:59:00,129,13:59,2018-04-11
2018-04-11 13:59:00,125,13:59,2018-04-11
2018-04-11 13:59:00,120,13:59,2018-04-11
2018-04-11 13:59:00,118,13:59,2018-04-11
2018-04-11 13:59:00,116,13:59,2018-04-11
2018-04-11 13:59:00,112,13:59,2018-04-11
2018-04-11 14:00:00,108,14:00,2018-04-11
2018-04-11 14:00:00,110,14:00,2018-04-11
2018-04-11 14:00:00,112,14:00,2018-04-11
2018-04-11 14:00:00,109,14:00,2018-04-11
2018-04-11 14:00:00,108,14:00,2018-04-11
2018-04-11 14:00:00,111,14:00,2018-04-11
2018-04-11 14:00:00,108,14:00,2018-04-11
2018-04-11 14:00:00,106,14:00,2018-04-11
2018-04-11 14:00:00,103,14:00,2018-04-11
2018-04-11 14:00:00,104,14:00,2018-04-11
2018-04-11 14:00:00,102,14:00,2018-04-11
2018-04-11 14:01:00,104,14:01,2018-04-11
2018-04-11 14:01:00,107,14:01,2018-04-11
2018-04-11 14:01:00,110,14:01,2018-04-11
2018-04-11 14:01:00,111,14:01,2018-04-11
2018-04-11 14:01:00,109,14:01,2018-04-11
2018-04-11 14:01:00,110,14:01,2018-04-11
2018-04-11 14:01:00,114,14:01,2018-04-11
2018-04-11 14:01:00,115,14:01,2018-04-11
2018-04-11 14:02:00,116,14:02,2018-04-11
2018-04-11 14:02:00,113,14:02,2018-04-11
2018-04-11 14:02:00,114,14:02,2018-04-11
2018-04-11 14:02:00,117,14:02,2018-04-11
2018-04-11 14:02:00,122,14:02,2018-04-11
2018-04-11 14:02:00,121,14:02,2018-04-11
2018-04-11 14:02:00,116,14:02,2018-04-11
2018-04-11 14:02:00,112,14:02,2018-04-11
2018-04-11 14:02:00,114,14:02,2018-04-11
2018-04-11 14:02:00,110,14:02,2018-04-11
2018-04-11 14:03:00,108,14:03,2018-04-11
2018-04-11 14:03:00,111,14:03,2018-04-11
2018-04-11 14:03:00,110,14:03,2018-04-11
2018-04-11 14:03:00,109,14:03,2018-04-11
2018-04-11 14:03:00,112,14:03,2018-04-11
2018-04-11 14:03:00,110,14:03,2018-04-11
2018-04-11 14:03:00,111,14:03,2018-04-11
2018-04-11 14:03:00,113,14:03,2018-04-11
2018-04-11 14:03:00,116,14:03,2018-04-11
2018-04-11 14:03:00,113,14:03,2018-04-11
2018-04-11 14:03:00,109,14:03,2018-04-11
2018-04-11 14:04:00,111,14:04,2018-04-11
2018-04-11 14:04:00,110,14:04,2018-04-11
2018-04-11 14:04:00,108,14:04,2018-04-11
2018-04-11 14:04:00,109,14:04,2018-04-11
2018-04-11 14:04:00,113,14:04,2018-04-11
2018-04-11 14:04:00,117,14:04,2018-04-11
2018-04-11 14:04:00,120,14:04,2018-04-11
2018-04-11 14:04:00,119,14:04,2018-04-11
2018-04-11 14:04:00,121,14:04,2018-04-11
2018-04-11 14:04:00,118,14:04,2018-04-11
2018-04-11 14:04:00,114,14:04,2018-04-11
2018-04-11 14:04:00,113,14:04,2018-04-11
2018-04-11 14:05:00,114,14:05,2018-04-11
2018-04-11 14:05:00,109,14:05,2018-04-11
2018-04-11 14:05:00,104,14:05,2018-04-11
2018-04-11 14:05:00,101,14:05,2018-04-11
2018-04-11 14:05:00,100,14:05,2018-04-11
2018-04-11 14:05:00,95,14:05,2018-04-11
2018-04-11 14:05:00,91,14:05,2018-04-11
2018-04-11 14:05:00,92,14:05,2018-04-11
2018-04-11 14:05:00,95,14:05,2018-04-11
2018-04-11 14:05:00,98,14:05,2018-04-11
2018-04-11 14:05:00,100,14:05,2018-04-11
2018-04-11 14:05:00,103,14:05,2018-04-11
2018-04-11 14:06:00,102,14:06,2018-04-11
2018-04-11 14:06:00,104,14:06,2018-04-11
2018-04-11 14:06:00,104,14:06,2018-04-11
2018-04-11 14:06:00,107,14:06,2018-04-11
2018-04-11 14:06:00,111,14:06,2018-04-11
2018-04-11 14:06:00,114,14:06,2018-04-11
2018-04-11 14:06:00,112,14:06,2018-04-11
2018-04-11 14:06:00,115,14:06,2018-04-11
2018-04-11 14:07:00,113,14:07,2018-04-11
2018-04-11 14:07:00,115,14:07,2018-04-11
2018-04-11 14:07:00,118,14:07,2018-04-11
2018-04-11 14:07:00,120,14:07,2018-04-11
2018-04-11 14:07:00,119,14:07,2018-04-11
2018-04-11 14:07:00,118,14:07,2018-04-11
2018-04-11 14:07:00,115,14:07,2018-04-11
2018-04-11 14:07:00,114,14:07,2018-04-11
2018-04-11 14:07:00,118,14:07,2018-04-11
2018-04-11 14:08:00,120,14:08,2018-04-11
2018-04-11 14:08:00,117,14:08,2018-04-11
2018-04-11 14:08:00,113,14:08,2018-04-11
2018-04-11 14:08:00,115,14:08,2018-04-11
2018-04-11 14:08:00,113,14:08,2018-04-11
2018-04-11 14:08:00,110,14:08,2018-04-11
2018-04-11 14:08:00,106,14:08,2018-04-11
2018-04-11 14:08:00,99,14:08,2018-04-11
2018-04-11 14:08:00,100,14:08,2018-04-11
2018-04-11 14:08:00,99,14:08,2018-04-11
2018-04-11 14:08:00,103,14:08,2018-04-11
2018-04-11 14:09:00,109,14:09,2018-04-11
2018-04-11 14:09:00,105,14:09,2018-04-11
2018-04-11 14:09:00,111,14:09,2018-04-11
2018-04-11 14:09:00,113,14:09,2018-04-11
2018-04-11 14:09:00,111,14:09,2018-04-11
2018-04-11 14:09:00,116,14:09,2018-04-11
2018-04-11 14:09:00,123,14:09,2018-04-11
2018-04-11 14:09:00,124,14:09,2018-04-11
2018-04-11 14:09:00,122,14:09,2018-04-11
2018-04-11 14:09:00,116,14:09,2018-04-11
2018-04-11 14:09:00,115,14:09,2018-04-11
2018-04-11 14:10:00,117,14:10,2018-04-11
2018-04-11 14:10:00,113,14:10,2018-04-11
2018-04-11 14:10:00,110,14:10,2018-04-11
2018-04-11 14:10:00,104,14:10,2018-04-11
2018-04-11 14:10:00,98,14:10,2018-04-11
2018-04-11 14:10:00,93,14:10,2018-04-11
2018-04-11 14:10:00,96,14:10,2018-04-11
2018-04-11 14:10:00,97,14:10,2018-04-11
2018-04-11 14:10:00,95,14:10,2018-04-11
2018-04-11 14:10:00,97,14:10,2018-04-11
2018-04-11 14:10:00,102,14:10,2018-04-11
2018-04-11 14:11:00,108,14:11,2018-04-11
2018-04-11 14:11:00,113,14:11,2018-04-11
2018-04-11 14:11:00,119,14:11,2018-04-11
2018-04-11 14:11:00,124,14:11,2018-04-11
2018-04-11 14:11:00,130,14:11,2018-04-11
2018-04-11 14:11:00,129,14:11,2018-04-11
2018-04-11 14:11:00,124,14:11,2018-04-11
2018-04-11 14:11:00,122,14:11,2018-04-11
2018-04-11 14:11:00,125,14:11,2018-04-11
2018-04-11 14:11:00,122,14:11,2018-04-11
2018-04-11 14:11:00,119,14:11,2018-04-11
2018-04-11 14:11:00,121,14:11,2018-04-11
2018-04-11 14:12:00,126,14:12,2018-04-11
2018-04-11 14:12:00,127,14:12,2018-04-11
2018-04-11 14:12:00,132,14:12,2018-04-11
2018-04-11 14:12:00,130,14:12,2018-04-11
2018-04-11 14:12:00,128,14:12,2018-04-11
2018-04-11 14:12:00,122,14:12,2018-04-11
2018-04-11 14:12:00,117,14:12,2018-04-11
2018-04-11 14:12:00,121,14:12,2018-04-11
2018-04-11 14:12:00,125,14:12,2018-04-11
2018-04-11 14:12:00,131,14:12,2018-04-11
2018-04-11 14:12:00,137,14:12,2018-04-11
2018-04-11 14:13:00,136,14:13,2018-04-11
2018-04-11 14:13:00,135,14:13,2018-04-11
2018-04-11 14:13:00,133,14:13,2018-04-11
2018-04-11 14:13:00,135,14:13,2018-04-11
2018-04-11 14:13:00,130,14:13,2018-04-11
2018-04-11 14:13:00,128,14:13,2018-04-11
2018-04-11 14:13:00,131,14:13,2018-04-11
2018-04-11 14:13:00,132,14:13,2018-04-11
2018-04-11 14:13:00,128,14:13,2018-04-11
2018-04-11 14:13:00,133,14:13,2018-04-11
2018-04-11 14:14:00,130,14:14,2018-04-11
2018-04-11 14:14:00,128,14:14,2018-04-11
2018-04-11 14:14:00,123,14:14,2018-04-11
2018-04-11 14:14:00,119,14:14,2018-04-11
2018-04-11 14:14:00,117,14:14,2018-04-11
2018-04-11 14:14:00,122,14:14,2018-04-11
2018-04-11 14:14:00,124,14:14,2018-04-11
2018-04-11 14:14:00,123,14:14,2018-04-11
2018-04-11 14:14:00,118,14:14,2018-04-11
2018-04-11 14:14:00,117,14:14,2018-04-11
2018-04-11 14:14:00,121,14:14,2018-04-11
2018-04-11 14:14:00,122,14:14,2018-04-11
2018-04-11 14:15:00,120,14:15,2018-04-11
2018-04-11 14:15:00,123,14:15,2018-04-11
2018-04-11 14:15:00,120,14:15,2018-04-11
2018-04-11 14:15:00,121,14:15,2018-04-11
2018-04-11 14:15:00,119,14:15,2018-04-11
2018-04-11 14:15:00,120,14:15,2018-04-11
2018-04-11 14:15:00,124,14:15,2018-04-11
2018-04-11 14:15:00,125,14:15,2018-04-11
2018-04-11 14:15:00,127,14:15,2018-04-11
2018-04-11 14:15:00,129,14:15,2018-04-11
2018-04-11 14:16:00,128,14:16,2018-04-11
2018-04-11 14:16:00,130,14:16,2018-04-11
2018-04-11 14:16:00,126,14:16,2018-04-11
2018-04-11 14:16:00,130,14:16,2018-04-11
2018-04-11 14:16:00,133,14:16,2018-04-11
2018-04-11 14:16:00,135,14:16,2018-04-11
2018-04-11 14:16:00,134,14:16,2018-04-11
2018-04-11 14:16:00,139,14:16,2018-04-11
2018-04-11 14:16:00,141,14:16,2018-04-11
2018-04-11 14:17:00,144,14:17,2018-04-11
2018-04-11 14:17:00,146,14:17,2018-04-11
2018-04-11 14:17:00,143,14:17,2018-04-11
2018-04-11 14:17:00,142,14:17,2018-04-11
2018-04-11 14:17:00,142,14:17,2018-04-11
2018-04-11 14:17:00,142,14:17,2018-04-11
2018-04-11 14:17:00,144,14:17,2018-04-11
2018-04-11 14:17:00,146,14:17,2018-04-11
2018-04-11 14:17:00,146,14:17,2018-04-11
2018-04-11 14:17:00,145,14:17,2018-04-11
2018-04-11 14:17:00,142,14:17,2018-04-11
2018-04-11 14:18:00,139,14:18,2018-04-11
2018-04-11 14:18:00,136,14:18,2018-04-11
2018-04-11 14:18:00,136,14:18,2018-04-11
2018-04-11 14:18:00,133,14:18,2018-04-11
2018-04-11 14:18:00,128,14:18,2018-04-11
2018-04-11 14:18:00,127,14:18,2018-04-11
2018-04-11 14:18:00,130,14:18,2018-04-11
2018-04-11 14:18:00,133,14:18,2018-04-11
2018-04-11 14:18:00,129,14:18,2018-04-11
2018-04-11 14:18:00,125,14:18,2018-04-11
2018-04-11 14:18:00,123,14:18,2018-04-11
2018-04-11 14:19:00,121,14:19,2018-04-11
2018-04-11 14:19:00,119,14:19,2018-04-11
2018-04-11 14:19:00,117,14:19,2018-04-11
2018-04-11 14:19:00,113,14:19,2018-04-11
2018-04-11 14:19:00,108,14:19,2018-04-11
2018-04-11 14:19:00,106,14:19,2018-04-11
2018-04-11 14:19:00,107,14:19,2018-04-11
2018-04-11 14:19:00,103,14:19,2018-04-11
2018-04-11 14:19:00,104,14:19,2018-04-11
2018-04-11 14:19:00,106,14:19,2018-04-11
2018-04-11 14:19:00,109,14:19,2018-04-11
2018-04-11 14:20:00,108,14:20,2018-04-11
2018-04-11 14:20:00,105,14:20,2018-04-11
2018-04-11 14:20:00,103,14:20,2018-04-11
2018-04-11 14:20:00,102,14:20,2018-04-11
2018-04-11 14:20:00,99,14:20,2018-04-11
2018-04-11 14:20:00,99,14:20,2018-04-11
2018-04-11 14:20:00,97,14:20,2018-04-11
2018-04-11 14:21:00,97,14:21,2018-04-11
2018-04-11 14:21:00,97,14:21,2018-04-11
2018-04-11 14:21:00,97,14:21,2018-04-11
2018-04-11 14:21:00,96,14:21,2018-04-11
2018-04-11 14:21:00,93,14:21,2018-04-11
2018-04-11 14:21:00,90,14:21,2018-04-11
2018-04-11 14:21:00,90,14:21,2018-04-11
2018-04-11 14:21:00,89,14:21,2018-04-11
2018-04-11 14:21:00,88,14:21,2018-04-11
2018-04-11 14:22:00,85,14:22,2018-04-11
2018-04-11 14:22:00,85,14:22,2018-04-11
2018-04-11 14:22:00,86,14:22,2018-04-11
2018-04-11 14:22:00,85,14:22,2018-04-11
2018-04-11 14:22:00,84,14:22,2018-04-11
2018-04-11 14:22:00,84,14:22,2018-04-11
2018-04-11 14:23:00,84,14:23,2018-04-11
2018-04-11 14:23:00,85,14:23,2018-04-11
2018-04-11 14:23:00,84,14:23,2018-04-11
2018-04-11 14:23:00,84,14:23,2018-04-11
2018-04-11 14:23:00,84,14:23,2018-04-11
2018-04-11 14:23:00,83,14:23,2018-04-11
2018-04-11 14:24:00,83,14:24,2018-04-11
2018-04-11 14:24:00,82,14:24,2018-04-11
2018-04-11 14:24:00,83,14:24,2018-04-11
2018-04-11 14:24:00,83,14:24,2018-04-11
2018-04-11 14:24:00,84,14:24,2018-04-11
2018-04-11 14:24:00,86,14:24,2018-04-11
2018-04-11 14:24:00,84,14:24,2018-04-11
2018-04-11 14:24:00,83,14:24,2018-04-11
2018-04-11 14:25:00,82,14:25,2018-04-11
2018-04-11 14:25:00,80,14:25,2018-04-11
2018-04-11 14:25:00,80,14:25,2018-04-11
2018-04-11 14:25:00,80,14:25,2018-04-11
2018-04-11 14:25:00,80,14:25,2018-04-11
2018-04-11 14:25:00,79,14:25,2018-04-11
2018-04-11 14:26:00,73,14:26,2018-04-11
2018-04-11 14:26:00,73,14:26,2018-04-11
2018-04-11 14:26:00,73,14:26,2018-04-11
2018-04-11 14:26:00,73,14:26,2018-04-11
2018-04-11 14:26:00,71,14:26,2018-04-11
2018-04-11 14:26:00,72,14:26,2018-04-11
2018-04-11 14:27:00,71,14:27,2018-04-11
2018-04-11 14:27:00,71,14:27,2018-04-11
2018-04-11 14:27:00,71,14:27,2018-04-11
2018-04-11 14:27:00,69,14:27,2018-04-11
2018-04-11 14:27:00,68,14:27,2018-04-11
2018-04-11 14:28:00,68,14:28,2018-04-11
2018-04-11 14:28:00,68,14:28,2018-04-11
2018-04-11 14:28:00,68,14:28,2018-04-11
2018-04-11 14:28:00,68,14:28,2018-04-11
2018-04-11 14:29:00,68,14:29,2018-04-11
2018-04-11 14:29:00,68,14:29,2018-04-11
2018-04-11 14:29:00,68,14:29,2018-04-11
2018-04-11 14:29:00,68,14:29,2018-04-11
2018-04-11 14:29:00,71,14:29,2018-04-11
2018-04-11 14:29:00,70,14:29,2018-04-11
2018-04-11 14:30:00,71,14:30,2018-04-11
2018-04-11 14:30:00,74,14:30,2018-04-11
2018-04-11 14:30:00,76,14:30,2018-04-11
2018-04-11 14:30:00,78,14:30,2018-04-11
2018-04-11 14:30:00,78,14:30,2018-04-11
2018-04-11 14:30:00,81,14:30,2018-04-11
2018-04-11 14:30:00,84,14:30,2018-04-11
2018-04-11 14:30:00,87,14:30,2018-04-11
2018-04-11 14:30:00,90,14:30,2018-04-11
2018-04-11 14:31:00,92,14:31,2018-04-11
2018-04-11 14:31:00,94,14:31,2018-04-11
2018-04-11 14:31:00,95,14:31,2018-04-11
2018-04-11 14:31:00,97,14:31,2018-04-11
2018-04-11 14:31:00,95,14:31,2018-04-11
2018-04-11 14:31:00,96,14:31,2018-04-11
2018-04-11 14:31:00,100,14:31,2018-04-11
2018-04-11 14:31:00,104,14:31,2018-04-11
2018-04-11 14:31:00,104,14:31,2018-04-11
2018-04-11 14:31:00,105,14:31,2018-04-11
2018-04-11 14:31:00,106,14:31,2018-04-11
2018-04-11 14:31:00,107,14:31,2018-04-11
2018-04-11 14:32:00,112,14:32,2018-04-11
2018-04-11 14:32:00,111,14:32,2018-04-11
2018-04-11 14:32:00,110,14:32,2018-04-11
2018-04-11 14:32:00,107,14:32,2018-04-11
2018-04-11 14:32:00,112,14:32,2018-04-11
2018-04-11 14:32:00,116,14:32,2018-04-11
2018-04-11 14:32:00,112,14:32,2018-04-11
2018-04-11 14:32:00,109,14:32,2018-04-11
2018-04-11 14:32:00,111,14:32,2018-04-11
2018-04-11 14:32:00,109,14:32,2018-04-11
2018-04-11 14:33:00,106,14:33,2018-04-11
2018-04-11 14:33:00,105,14:33,2018-04-11
2018-04-11 14:33:00,104,14:33,2018-04-11
2018-04-11 14:33:00,105,14:33,2018-04-11
2018-04-11 14:33:00,108,14:33,2018-04-11
2018-04-11 14:33:00,110,14:33,2018-04-11
2018-04-11 14:33:00,110,14:33,2018-04-11
2018-04-11 14:33:00,109,14:33,2018-04-11
2018-04-11 14:33:00,110,14:33,2018-04-11
2018-04-11 14:33:00,113,14:33,2018-04-11
2018-04-11 14:33:00,111,14:33,2018-04-11
2018-04-11 14:34:00,112,14:34,2018-04-11
2018-04-11 14:34:00,110,14:34,2018-04-11
2018-04-11 14:34:00,111,14:34,2018-04-11
2018-04-11 14:34:00,113,14:34,2018-04-11
2018-04-11 14:34:00,117,14:34,2018-04-11
2018-04-11 14:34:00,115,14:34,2018-04-11
2018-04-11 14:34:00,121,14:34,2018-04-11
2018-04-11 14:35:00,119,14:35,2018-04-11
2018-04-11 14:35:00,117,14:35,2018-04-11
2018-04-11 14:35:00,112,14:35,2018-04-11
2018-04-11 14:35:00,114,14:35,2018-04-11
2018-04-11 14:35:00,111,14:35,2018-04-11
2018-04-11 14:35:00,109,14:35,2018-04-11
2018-04-11 14:35:00,108,14:35,2018-04-11
2018-04-11 14:35:00,111,14:35,2018-04-11
2018-04-11 14:35:00,113,14:35,2018-04-11
2018-04-11 14:35:00,117,14:35,2018-04-11
2018-04-11 14:36:00,121,14:36,2018-04-11
2018-04-11 14:36:00,119,14:36,2018-04-11
2018-04-11 14:36:00,116,14:36,2018-04-11
2018-04-11 14:36:00,113,14:36,2018-04-11
2018-04-11 14:36:00,111,14:36,2018-04-11
2018-04-11 14:36:00,110,14:36,2018-04-11
2018-04-11 14:36:00,109,14:36,2018-04-11
2018-04-11 14:36:00,107,14:36,2018-04-11
2018-04-11 14:36:00,104,14:36,2018-04-11
2018-04-11 14:36:00,101,14:36,2018-04-11
2018-04-11 14:36:00,98,14:36,2018-04-11
2018-04-11 14:37:00,97,14:37,2018-04-11
2018-04-11 14:37:00,99,14:37,2018-04-11
2018-04-11 14:37:00,98,14:37,2018-04-11
2018-04-11 14:37:00,96,14:37,2018-04-11
2018-04-11 14:37:00,94,14:37,2018-04-11
2018-04-11 14:37:00,95,14:37,2018-04-11
2018-04-11 14:37:00,93,14:37,2018-04-11
2018-04-11 14:37:00,94,14:37,2018-04-11
2018-04-11 14:37:00,93,14:37,2018-04-11
2018-04-11 14:37:00,91,14:37,2018-04-11
2018-04-11 14:37:00,89,14:37,2018-04-11
2018-04-11 14:38:00,86,14:38,2018-04-11
2018-04-11 14:38:00,84,14:38,2018-04-11
2018-04-11 14:38:00,80,14:38,2018-04-11
2018-04-11 14:38:00,78,14:38,2018-04-11
2018-04-11 14:38:00,79,14:38,2018-04-11
2018-04-11 14:38:00,78,14:38,2018-04-11
2018-04-11 14:38:00,77,14:38,2018-04-11
2018-04-11 14:38:00,79,14:38,2018-04-11
2018-04-11 14:38:00,81,14:38,2018-04-11
2018-04-11 14:39:00,84,14:39,2018-04-11
2018-04-11 14:39:00,85,14:39,2018-04-11
2018-04-11 14:39:00,85,14:39,2018-04-11
2018-04-11 14:39:00,87,14:39,2018-04-11
2018-04-11 14:39:00,85,14:39,2018-04-11
2018-04-11 14:39:00,88,14:39,2018-04-11
2018-04-11 14:39:00,91,14:39,2018-04-11
2018-04-11 14:39:00,92,14:39,2018-04-11
2018-04-11 14:39:00,91,14:39,2018-04-11
2018-04-11 14:40:00,88,14:40,2018-04-11
2018-04-11 14:40:00,90,14:40,2018-04-11
2018-04-11 14:40:00,92,14:40,2018-04-11
2018-04-11 14:40:00,89,14:40,2018-04-11
2018-04-11 14:40:00,90,14:40,2018-04-11
2018-04-11 14:40:00,91,14:40,2018-04-11
2018-04-11 14:40:00,93,14:40,2018-04-11
2018-04-11 14:40:00,95,14:40,2018-04-11
2018-04-11 14:40:00,124,14:40,2018-04-11
2018-04-11 14:41:00,127,14:41,2018-04-11
2018-04-11 14:41:00,128,14:41,2018-04-11
2018-04-11 14:41:00,127,14:41,2018-04-11
2018-04-11 14:41:00,125,14:41,2018-04-11
2018-04-11 14:41:00,128,14:41,2018-04-11
2018-04-11 14:41:00,127,14:41,2018-04-11
2018-04-11 14:41:00,124,14:41,2018-04-11
2018-04-11 14:41:00,122,14:41,2018-04-11
2018-04-11 14:42:00,121,14:42,2018-04-11
2018-04-11 14:42:00,117,14:42,2018-04-11
2018-04-11 14:42:00,115,14:42,2018-04-11
2018-04-11 14:42:00,110,14:42,2018-04-11
2018-04-11 14:42:00,107,14:42,2018-04-11
2018-04-11 14:42:00,108,14:42,2018-04-11
2018-04-11 14:42:00,103,14:42,2018-04-11
2018-04-11 14:42:00,98,14:42,2018-04-11
2018-04-11 14:42:00,94,14:42,2018-04-11
2018-04-11 14:42:00,96,14:42,2018-04-11
2018-04-11 14:42:00,98,14:42,2018-04-11
2018-04-11 14:43:00,101,14:43,2018-04-11
2018-04-11 14:43:00,98,14:43,2018-04-11
2018-04-11 14:43:00,91,14:43,2018-04-11
2018-04-11 14:43:00,92,14:43,2018-04-11
2018-04-11 14:43:00,90,14:43,2018-04-11
2018-04-11 14:43:00,90,14:43,2018-04-11
2018-04-11 14:43:00,87,14:43,2018-04-11
2018-04-11 14:43:00,85,14:43,2018-04-11
2018-04-11 14:43:00,88,14:43,2018-04-11
2018-04-11 14:44:00,90,14:44,2018-04-11
2018-04-11 14:44:00,92,14:44,2018-04-11
2018-04-11 14:44:00,95,14:44,2018-04-11
2018-04-11 14:44:00,91,14:44,2018-04-11
2018-04-11 14:44:00,92,14:44,2018-04-11
2018-04-11 14:44:00,89,14:44,2018-04-11
2018-04-11 14:44:00,93,14:44,2018-04-11
2018-04-11 14:44:00,91,14:44,2018-04-11
2018-04-11 14:45:00,89,14:45,2018-04-11
2018-04-11 14:45:00,90,14:45,2018-04-11
2018-04-11 14:45:00,92,14:45,2018-04-11
2018-04-11 14:45:00,95,14:45,2018-04-11
2018-04-11 14:45:00,98,14:45,2018-04-11
2018-04-11 14:45:00,101,14:45,2018-04-11
2018-04-11 14:45:00,100,14:45,2018-04-11
2018-04-11 14:45:00,103,14:45,2018-04-11
2018-04-11 14:45:00,108,14:45,2018-04-11
2018-04-11 14:45:00,113,14:45,2018-04-11
2018-04-11 14:46:00,118,14:46,2018-04-11
2018-04-11 14:46:00,122,14:46,2018-04-11
2018-04-11 14:46:00,127,14:46,2018-04-11
2018-04-11 14:46:00,126,14:46,2018-04-11
2018-04-11 14:46:00,121,14:46,2018-04-11
2018-04-11 14:46:00,122,14:46,2018-04-11
2018-04-11 14:46:00,120,14:46,2018-04-11
2018-04-11 14:46:00,118,14:46,2018-04-11
2018-04-11 14:46:00,115,14:46,2018-04-11
2018-04-11 14:46:00,114,14:46,2018-04-11
2018-04-11 14:46:00,121,14:46,2018-04-11
2018-04-11 14:46:00,124,14:46,2018-04-11
2018-04-11 14:47:00,129,14:47,2018-04-11
2018-04-11 14:47:00,132,14:47,2018-04-11
2018-04-11 14:47:00,134,14:47,2018-04-11
2018-04-11 14:47:00,134,14:47,2018-04-11
2018-04-11 14:47:00,132,14:47,2018-04-11
2018-04-11 14:47:00,128,14:47,2018-04-11
2018-04-11 14:47:00,124,14:47,2018-04-11
2018-04-11 14:47:00,120,14:47,2018-04-11
2018-04-11 14:47:00,119,14:47,2018-04-11
2018-04-11 14:48:00,123,14:48,2018-04-11
2018-04-11 14:48:00,127,14:48,2018-04-11
2018-04-11 14:48:00,128,14:48,2018-04-11
2018-04-11 14:48:00,126,14:48,2018-04-11
2018-04-11 14:48:00,126,14:48,2018-04-11
2018-04-11 14:48:00,127,14:48,2018-04-11
2018-04-11 14:48:00,121,14:48,2018-04-11
2018-04-11 14:48:00,111,14:48,2018-04-11
2018-04-11 14:48:00,103,14:48,2018-04-11
2018-04-11 14:48:00,100,14:48,2018-04-11
2018-04-11 14:49:00,101,14:49,2018-04-11
2018-04-11 14:49:00,104,14:49,2018-04-11
2018-04-11 14:49:00,106,14:49,2018-04-11
2018-04-11 14:49:00,107,14:49,2018-04-11
2018-04-11 14:49:00,110,14:49,2018-04-11
2018-04-11 14:49:00,107,14:49,2018-04-11
2018-04-11 14:49:00,108,14:49,2018-04-11
2018-04-11 14:49:00,113,14:49,2018-04-11
2018-04-11 14:49:00,116,14:49,2018-04-11
2018-04-11 14:50:00,117,14:50,2018-04-11
2018-04-11 14:50:00,116,14:50,2018-04-11
2018-04-11 14:50:00,114,14:50,2018-04-11
2018-04-11 14:50:00,110,14:50,2018-04-11
2018-04-11 14:50:00,104,14:50,2018-04-11
2018-04-11 14:50:00,105,14:50,2018-04-11
2018-04-11 14:50:00,104,14:50,2018-04-11
2018-04-11 14:50:00,107,14:50,2018-04-11
2018-04-11 14:50:00,109,14:50,2018-04-11
2018-04-11 14:50:00,113,14:50,2018-04-11
2018-04-11 14:51:00,112,14:51,2018-04-11
2018-04-11 14:51:00,111,14:51,2018-04-11
2018-04-11 14:51:00,107,14:51,2018-04-11
2018-04-11 14:51:00,112,14:51,2018-04-11
2018-04-11 14:51:00,116,14:51,2018-04-11
2018-04-11 14:51:00,113,14:51,2018-04-11
2018-04-11 14:51:00,118,14:51,2018-04-11
2018-04-11 14:51:00,115,14:51,2018-04-11
2018-04-11 14:51:00,117,14:51,2018-04-11
2018-04-11 14:51:00,116,14:51,2018-04-11
2018-04-11 14:52:00,113,14:52,2018-04-11
2018-04-11 14:52:00,108,14:52,2018-04-11
2018-04-11 14:52:00,102,14:52,2018-04-11
2018-04-11 14:52:00,98,14:52,2018-04-11
2018-04-11 14:52:00,96,14:52,2018-04-11
2018-04-11 14:52:00,98,14:52,2018-04-11
2018-04-11 14:52:00,99,14:52,2018-04-11
2018-04-11 14:52:00,100,14:52,2018-04-11
2018-04-11 14:52:00,103,14:52,2018-04-11
2018-04-11 14:52:00,102,14:52,2018-04-11
2018-04-11 14:52:00,103,14:52,2018-04-11
2018-04-11 14:53:00,102,14:53,2018-04-11
2018-04-11 14:53:00,103,14:53,2018-04-11
2018-04-11 14:53:00,104,14:53,2018-04-11
2018-04-11 14:53:00,105,14:53,2018-04-11
2018-04-11 14:53:00,103,14:53,2018-04-11
2018-04-11 14:53:00,100,14:53,2018-04-11
2018-04-11 14:53:00,98,14:53,2018-04-11
2018-04-11 14:53:00,97,14:53,2018-04-11
2018-04-11 14:53:00,91,14:53,2018-04-11
2018-04-11 14:53:00,93,14:53,2018-04-11
2018-04-11 14:53:00,90,14:53,2018-04-11
2018-04-11 14:54:00,89,14:54,2018-04-11
2018-04-11 14:54:00,88,14:54,2018-04-11
2018-04-11 14:54:00,87,14:54,2018-04-11
2018-04-11 14:54:00,90,14:54,2018-04-11
2018-04-11 14:54:00,93,14:54,2018-04-11
2018-04-11 14:54:00,94,14:54,2018-04-11
2018-04-11 14:54:00,95,14:54,2018-04-11
2018-04-11 14:54:00,98,14:54,2018-04-11
2018-04-11 14:54:00,102,14:54,2018-04-11
2018-04-11 14:54:00,104,14:54,2018-04-11
2018-04-11 14:55:00,107,14:55,2018-04-11
2018-04-11 14:55:00,105,14:55,2018-04-11
2018-04-11 14:55:00,106,14:55,2018-04-11
2018-04-11 14:55:00,107,14:55,2018-04-11
2018-04-11 14:55:00,111,14:55,2018-04-11
2018-04-11 14:55:00,114,14:55,2018-04-11
2018-04-11 14:55:00,109,14:55,2018-04-11
2018-04-11 14:55:00,105,14:55,2018-04-11
2018-04-11 14:55:00,104,14:55,2018-04-11
2018-04-11 14:55:00,103,14:55,2018-04-11
2018-04-11 14:56:00,102,14:56,2018-04-11
2018-04-11 14:56:00,104,14:56,2018-04-11
2018-04-11 14:56:00,106,14:56,2018-04-11
2018-04-11 14:56:00,105,14:56,2018-04-11
2018-04-11 14:56:00,103,14:56,2018-04-11
2018-04-11 14:56:00,100,14:56,2018-04-11
2018-04-11 14:56:00,102,14:56,2018-04-11
2018-04-11 14:56:00,103,14:56,2018-04-11
2018-04-11 14:56:00,100,14:56,2018-04-11
2018-04-11 14:56:00,94,14:56,2018-04-11
2018-04-11 14:56:00,95,14:56,2018-04-11
2018-04-11 14:57:00,94,14:57,2018-04-11
2018-04-11 14:57:00,98,14:57,2018-04-11
2018-04-11 14:57:00,99,14:57,2018-04-11
2018-04-11 14:57:00,98,14:57,2018-04-11
2018-04-11 14:57:00,102,14:57,2018-04-11
2018-04-11 14:57:00,105,14:57,2018-04-11
2018-04-11 14:57:00,104,14:57,2018-04-11
2018-04-11 14:57:00,103,14:57,2018-04-11
2018-04-11 14:57:00,104,14:57,2018-04-11
2018-04-11 14:58:00,104,14:58,2018-04-11
2018-04-11 14:58:00,105,14:58,2018-04-11
2018-04-11 14:58:00,102,14:58,2018-04-11
2018-04-11 14:58:00,97,14:58,2018-04-11
2018-04-11 14:58:00,99,14:58,2018-04-11
2018-04-11 14:58:00,102,14:58,2018-04-11
2018-04-11 14:58:00,100,14:58,2018-04-11
2018-04-11 14:58:00,97,14:58,2018-04-11
2018-04-11 14:58:00,93,14:58,2018-04-11
2018-04-11 14:58:00,95,14:58,2018-04-11
2018-04-11 14:58:00,98,14:58,2018-04-11
2018-04-11 14:58:00,99,14:58,2018-04-11
2018-04-11 14:59:00,96,14:59,2018-04-11
2018-04-11 14:59:00,93,14:59,2018-04-11
2018-04-11 14:59:00,93,14:59,2018-04-11
2018-04-11 14:59:00,92,14:59,2018-04-11
2018-04-11 14:59:00,88,14:59,2018-04-11
2018-04-11 14:59:00,88,14:59,2018-04-11
2018-04-11 14:59:00,89,14:59,2018-04-11
2018-04-11 14:59:00,86,14:59,2018-04-11
2018-04-11 14:59:00,89,14:59,2018-04-11
2018-04-11 14:59:00,92,14:59,2018-04-11
2018-04-11 14:59:00,95,14:59,2018-04-11
2018-04-11 14:59:00,96,14:59,2018-04-11
2018-04-11 15:00:00,97,15:00,2018-04-11
2018-04-11 15:00:00,101,15:00,2018-04-11
2018-04-11 15:00:00,104,15:00,2018-04-11
2018-04-11 15:00:00,97,15:00,2018-04-11
2018-04-11 15:00:00,101,15:00,2018-04-11
2018-04-11 15:00:00,104,15:00,2018-04-11
2018-04-11 15:00:00,103,15:00,2018-04-11
2018-04-11 15:00:00,100,15:00,2018-04-11
2018-04-11 15:00:00,98,15:00,2018-04-11
2018-04-11 15:01:00,94,15:01,2018-04-11
2018-04-11 15:01:00,92,15:01,2018-04-11
2018-04-11 15:01:00,90,15:01,2018-04-11
2018-04-11 15:01:00,87,15:01,2018-04-11
2018-04-11 15:01:00,87,15:01,2018-04-11
2018-04-11 15:01:00,88,15:01,2018-04-11
2018-04-11 15:01:00,87,15:01,2018-04-11
2018-04-11 15:01:00,85,15:01,2018-04-11
2018-04-11 15:01:00,87,15:01,2018-04-11
2018-04-11 15:02:00,89,15:02,2018-04-11
2018-04-11 15:02:00,93,15:02,2018-04-11
2018-04-11 15:02:00,97,15:02,2018-04-11
2018-04-11 15:02:00,92,15:02,2018-04-11
2018-04-11 15:02:00,86,15:02,2018-04-11
2018-04-11 15:02:00,87,15:02,2018-04-11
2018-04-11 15:02:00,89,15:02,2018-04-11
2018-04-11 15:02:00,91,15:02,2018-04-11
2018-04-11 15:02:00,90,15:02,2018-04-11
2018-04-11 15:02:00,89,15:02,2018-04-11
2018-04-11 15:02:00,91,15:02,2018-04-11
2018-04-11 15:02:00,90,15:02,2018-04-11
2018-04-11 15:03:00,91,15:03,2018-04-11
2018-04-11 15:03:00,94,15:03,2018-04-11
2018-04-11 15:03:00,95,15:03,2018-04-11
2018-04-11 15:03:00,92,15:03,2018-04-11
2018-04-11 15:03:00,94,15:03,2018-04-11
2018-04-11 15:03:00,97,15:03,2018-04-11
2018-04-11 15:03:00,100,15:03,2018-04-11
2018-04-11 15:03:00,98,15:03,2018-04-11
2018-04-11 15:03:00,97,15:03,2018-04-11
2018-04-11 15:03:00,96,15:03,2018-04-11
2018-04-11 15:04:00,93,15:04,2018-04-11
2018-04-11 15:04:00,96,15:04,2018-04-11
2018-04-11 15:04:00,92,15:04,2018-04-11
2018-04-11 15:04:00,90,15:04,2018-04-11
2018-04-11 15:04:00,93,15:04,2018-04-11
2018-04-11 15:04:00,96,15:04,2018-04-11
2018-04-11 15:04:00,97,15:04,2018-04-11
2018-04-11 15:04:00,96,15:04,2018-04-11
2018-04-11 15:05:00,91,15:05,2018-04-11
2018-04-11 15:05:00,89,15:05,2018-04-11
2018-04-11 15:05:00,86,15:05,2018-04-11
2018-04-11 15:05:00,85,15:05,2018-04-11
2018-04-11 15:05:00,88,15:05,2018-04-11
2018-04-11 15:05:00,92,15:05,2018-04-11
2018-04-11 15:05:00,93,15:05,2018-04-11
2018-04-11 15:05:00,92,15:05,2018-04-11
2018-04-11 15:05:00,88,15:05,2018-04-11
2018-04-11 15:05:00,88,15:05,2018-04-11
2018-04-11 15:05:00,89,15:05,2018-04-11
2018-04-11 15:06:00,90,15:06,2018-04-11
2018-04-11 15:06:00,89,15:06,2018-04-11
2018-04-11 15:06:00,90,15:06,2018-04-11
2018-04-11 15:06:00,92,15:06,2018-04-11
2018-04-11 15:06:00,97,15:06,2018-04-11
2018-04-11 15:06:00,101,15:06,2018-04-11
2018-04-11 15:06:00,100,15:06,2018-04-11
2018-04-11 15:06:00,98,15:06,2018-04-11
2018-04-11 15:06:00,96,15:06,2018-04-11
2018-04-11 15:06:00,93,15:06,2018-04-11
2018-04-11 15:06:00,92,15:06,2018-04-11
2018-04-11 15:06:00,91,15:06,2018-04-11
2018-04-11 15:07:00,87,15:07,2018-04-11
2018-04-11 15:07:00,89,15:07,2018-04-11
2018-04-11 15:07:00,90,15:07,2018-04-11
2018-04-11 15:07:00,91,15:07,2018-04-11
2018-04-11 15:07:00,84,15:07,2018-04-11
2018-04-11 15:07:00,86,15:07,2018-04-11
2018-04-11 15:07:00,87,15:07,2018-04-11
2018-04-11 15:07:00,86,15:07,2018-04-11
2018-04-11 15:07:00,86,15:07,2018-04-11
2018-04-11 15:07:00,87,15:07,2018-04-11
2018-04-11 15:08:00,87,15:08,2018-04-11
2018-04-11 15:08:00,86,15:08,2018-04-11
2018-04-11 15:08:00,87,15:08,2018-04-11
2018-04-11 15:08:00,85,15:08,2018-04-11
2018-04-11 15:08:00,88,15:08,2018-04-11
2018-04-11 15:08:00,89,15:08,2018-04-11
2018-04-11 15:08:00,88,15:08,2018-04-11
2018-04-11 15:08:00,90,15:08,2018-04-11
2018-04-11 15:08:00,93,15:08,2018-04-11
2018-04-11 15:09:00,90,15:09,2018-04-11
2018-04-11 15:09:00,92,15:09,2018-04-11
2018-04-11 15:09:00,90,15:09,2018-04-11
2018-04-11 15:09:00,91,15:09,2018-04-11
2018-04-11 15:09:00,92,15:09,2018-04-11
2018-04-11 15:09:00,91,15:09,2018-04-11
2018-04-11 15:09:00,93,15:09,2018-04-11
2018-04-11 15:09:00,92,15:09,2018-04-11
2018-04-11 15:10:00,94,15:10,2018-04-11
2018-04-11 15:10:00,97,15:10,2018-04-11
2018-04-11 15:10:00,95,15:10,2018-04-11
2018-04-11 15:10:00,93,15:10,2018-04-11
2018-04-11 15:10:00,92,15:10,2018-04-11
2018-04-11 15:10:00,93,15:10,2018-04-11
2018-04-11 15:10:00,95,15:10,2018-04-11
2018-04-11 15:10:00,93,15:10,2018-04-11
2018-04-11 15:10:00,90,15:10,2018-04-11
2018-04-11 15:10:00,89,15:10,2018-04-11
2018-04-11 15:11:00,87,15:11,2018-04-11
2018-04-11 15:11:00,86,15:11,2018-04-11
2018-04-11 15:11:00,86,15:11,2018-04-11
2018-04-11 15:11:00,88,15:11,2018-04-11
2018-04-11 15:11:00,85,15:11,2018-04-11
2018-04-11 15:11:00,83,15:11,2018-04-11
2018-04-11 15:11:00,85,15:11,2018-04-11
2018-04-11 15:11:00,87,15:11,2018-04-11
2018-04-11 15:11:00,89,15:11,2018-04-11
2018-04-11 15:11:00,91,15:11,2018-04-11
2018-04-11 15:12:00,94,15:12,2018-04-11
2018-04-11 15:12:00,95,15:12,2018-04-11
2018-04-11 15:12:00,96,15:12,2018-04-11
2018-04-11 15:12:00,97,15:12,2018-04-11
2018-04-11 15:12:00,95,15:12,2018-04-11
2018-04-11 15:12:00,93,15:12,2018-04-11
2018-04-11 15:12:00,91,15:12,2018-04-11
2018-04-11 15:12:00,88,15:12,2018-04-11
2018-04-11 15:12:00,89,15:12,2018-04-11
2018-04-11 15:13:00,86,15:13,2018-04-11
2018-04-11 15:13:00,88,15:13,2018-04-11
2018-04-11 15:13:00,89,15:13,2018-04-11
2018-04-11 15:13:00,92,15:13,2018-04-11
2018-04-11 15:13:00,94,15:13,2018-04-11
2018-04-11 15:13:00,95,15:13,2018-04-11
2018-04-11 15:13:00,96,15:13,2018-04-11
2018-04-11 15:13:00,97,15:13,2018-04-11
2018-04-11 15:14:00,99,15:14,2018-04-11
2018-04-11 15:14:00,95,15:14,2018-04-11
2018-04-11 15:14:00,97,15:14,2018-04-11
2018-04-11 15:14:00,98,15:14,2018-04-11
2018-04-11 15:14:00,99,15:14,2018-04-11
2018-04-11 15:14:00,97,15:14,2018-04-11
2018-04-11 15:14:00,98,15:14,2018-04-11
2018-04-11 15:14:00,99,15:14,2018-04-11
2018-04-11 15:14:00,100,15:14,2018-04-11
2018-04-11 15:15:00,97,15:15,2018-04-11
2018-04-11 15:15:00,94,15:15,2018-04-11
2018-04-11 15:15:00,90,15:15,2018-04-11
2018-04-11 15:15:00,91,15:15,2018-04-11
2018-04-11 15:15:00,92,15:15,2018-04-11
2018-04-11 15:15:00,91,15:15,2018-04-11
2018-04-11 15:15:00,92,15:15,2018-04-11
2018-04-11 15:15:00,94,15:15,2018-04-11
2018-04-11 15:15:00,97,15:15,2018-04-11
2018-04-11 15:15:00,95,15:15,2018-04-11
2018-04-11 15:15:00,92,15:15,2018-04-11
2018-04-11 15:16:00,91,15:16,2018-04-11
2018-04-11 15:16:00,94,15:16,2018-04-11
2018-04-11 15:16:00,95,15:16,2018-04-11
2018-04-11 15:16:00,93,15:16,2018-04-11
2018-04-11 15:16:00,94,15:16,2018-04-11
2018-04-11 15:16:00,95,15:16,2018-04-11
2018-04-11 15:16:00,98,15:16,2018-04-11
2018-04-11 15:16:00,95,15:16,2018-04-11
2018-04-11 15:16:00,93,15:16,2018-04-11
2018-04-11 15:16:00,93,15:16,2018-04-11
2018-04-11 15:17:00,90,15:17,2018-04-11
2018-04-11 15:17:00,87,15:17,2018-04-11
2018-04-11 15:17:00,86,15:17,2018-04-11
2018-04-11 15:17:00,87,15:17,2018-04-11
2018-04-11 15:17:00,89,15:17,2018-04-11
2018-04-11 15:17:00,91,15:17,2018-04-11
2018-04-11 15:17:00,92,15:17,2018-04-11
2018-04-11 15:17:00,94,15:17,2018-04-11
2018-04-11 15:17:00,95,15:17,2018-04-11
2018-04-11 15:17:00,97,15:17,2018-04-11
2018-04-11 15:17:00,101,15:17,2018-04-11
2018-04-11 15:17:00,103,15:17,2018-04-11
2018-04-11 15:18:00,104,15:18,2018-04-11
2018-04-11 15:18:00,103,15:18,2018-04-11
2018-04-11 15:18:00,102,15:18,2018-04-11
2018-04-11 15:18:00,101,15:18,2018-04-11
2018-04-11 15:18:00,102,15:18,2018-04-11
2018-04-11 15:18:00,104,15:18,2018-04-11
2018-04-11 15:18:00,105,15:18,2018-04-11
2018-04-11 15:18:00,108,15:18,2018-04-11
2018-04-11 15:18:00,106,15:18,2018-04-11
2018-04-11 15:18:00,105,15:18,2018-04-11
2018-04-11 15:18:00,104,15:18,2018-04-11
2018-04-11 15:19:00,103,15:19,2018-04-11
2018-04-11 15:19:00,102,15:19,2018-04-11
2018-04-11 15:19:00,101,15:19,2018-04-11
2018-04-11 15:19:00,99,15:19,2018-04-11
2018-04-11 15:19:00,98,15:19,2018-04-11
2018-04-11 15:19:00,95,15:19,2018-04-11
2018-04-11 15:19:00,97,15:19,2018-04-11
2018-04-11 15:19:00,100,15:19,2018-04-11
2018-04-11 15:19:00,102,15:19,2018-04-11
2018-04-11 15:19:00,103,15:19,2018-04-11
2018-04-11 15:19:00,106,15:19,2018-04-11
2018-04-11 15:20:00,111,15:20,2018-04-11
2018-04-11 15:20:00,112,15:20,2018-04-11
2018-04-11 15:20:00,109,15:20,2018-04-11
2018-04-11 15:20:00,105,15:20,2018-04-11
2018-04-11 15:20:00,104,15:20,2018-04-11
2018-04-11 15:20:00,105,15:20,2018-04-11
2018-04-11 15:20:00,104,15:20,2018-04-11
2018-04-11 15:20:00,101,15:20,2018-04-11
2018-04-11 15:20:00,100,15:20,2018-04-11
2018-04-11 15:20:00,98,15:20,2018-04-11
2018-04-11 15:21:00,101,15:21,2018-04-11
2018-04-11 15:21:00,103,15:21,2018-04-11
2018-04-11 15:21:00,106,15:21,2018-04-11
2018-04-11 15:21:00,109,15:21,2018-04-11
2018-04-11 15:21:00,114,15:21,2018-04-11
2018-04-11 15:21:00,118,15:21,2018-04-11
2018-04-11 15:21:00,122,15:21,2018-04-11
2018-04-11 15:21:00,125,15:21,2018-04-11
2018-04-11 15:21:00,128,15:21,2018-04-11
2018-04-11 15:21:00,122,15:21,2018-04-11
2018-04-11 15:21:00,119,15:21,2018-04-11
2018-04-11 15:22:00,118,15:22,2018-04-11
2018-04-11 15:22:00,117,15:22,2018-04-11
2018-04-11 15:22:00,113,15:22,2018-04-11
2018-04-11 15:22:00,109,15:22,2018-04-11
2018-04-11 15:22:00,112,15:22,2018-04-11
2018-04-11 15:22:00,114,15:22,2018-04-11
2018-04-11 15:22:00,111,15:22,2018-04-11
2018-04-11 15:22:00,112,15:22,2018-04-11
2018-04-11 15:22:00,108,15:22,2018-04-11
2018-04-11 15:22:00,111,15:22,2018-04-11
2018-04-11 15:22:00,114,15:22,2018-04-11
2018-04-11 15:23:00,112,15:23,2018-04-11
2018-04-11 15:23:00,109,15:23,2018-04-11
2018-04-11 15:23:00,111,15:23,2018-04-11
2018-04-11 15:23:00,112,15:23,2018-04-11
2018-04-11 15:23:00,111,15:23,2018-04-11
2018-04-11 15:23:00,113,15:23,2018-04-11
2018-04-11 15:23:00,114,15:23,2018-04-11
2018-04-11 15:23:00,116,15:23,2018-04-11
2018-04-11 15:23:00,112,15:23,2018-04-11
2018-04-11 15:23:00,108,15:23,2018-04-11
2018-04-11 15:23:00,104,15:23,2018-04-11
2018-04-11 15:23:00,100,15:23,2018-04-11
2018-04-11 15:24:00,101,15:24,2018-04-11
2018-04-11 15:24:00,101,15:24,2018-04-11
2018-04-11 15:24:00,97,15:24,2018-04-11
2018-04-11 15:24:00,98,15:24,2018-04-11
2018-04-11 15:24:00,97,15:24,2018-04-11
2018-04-11 15:24:00,98,15:24,2018-04-11
2018-04-11 15:24:00,100,15:24,2018-04-11
2018-04-11 15:24:00,98,15:24,2018-04-11
2018-04-11 15:24:00,99,15:24,2018-04-11
2018-04-11 15:24:00,98,15:24,2018-04-11
2018-04-11 15:24:00,96,15:24,2018-04-11
2018-04-11 15:24:00,95,15:24,2018-04-11
2018-04-11 15:25:00,96,15:25,2018-04-11
2018-04-11 15:25:00,100,15:25,2018-04-11
2018-04-11 15:25:00,104,15:25,2018-04-11
2018-04-11 15:25:00,106,15:25,2018-04-11
2018-04-11 15:25:00,109,15:25,2018-04-11
2018-04-11 15:25:00,112,15:25,2018-04-11
2018-04-11 15:25:00,106,15:25,2018-04-11
2018-04-11 15:25:00,103,15:25,2018-04-11
2018-04-11 15:25:00,105,15:25,2018-04-11
2018-04-11 15:25:00,109,15:25,2018-04-11
2018-04-11 15:25:00,114,15:25,2018-04-11
2018-04-11 15:25:00,116,15:25,2018-04-11
2018-04-11 15:26:00,113,15:26,2018-04-11
2018-04-11 15:26:00,116,15:26,2018-04-11
2018-04-11 15:26:00,120,15:26,2018-04-11
2018-04-11 15:26:00,119,15:26,2018-04-11
2018-04-11 15:26:00,113,15:26,2018-04-11
2018-04-11 15:26:00,108,15:26,2018-04-11
2018-04-11 15:26:00,111,15:26,2018-04-11
2018-04-11 15:26:00,108,15:26,2018-04-11
2018-04-11 15:26:00,110,15:26,2018-04-11
2018-04-11 15:26:00,113,15:26,2018-04-11
2018-04-11 15:26:00,109,15:26,2018-04-11
2018-04-11 15:27:00,113,15:27,2018-04-11
2018-04-11 15:27:00,118,15:27,2018-04-11
2018-04-11 15:27:00,121,15:27,2018-04-11
2018-04-11 15:27:00,123,15:27,2018-04-11
2018-04-11 15:27:00,122,15:27,2018-04-11
2018-04-11 15:27:00,126,15:27,2018-04-11
2018-04-11 15:27:00,130,15:27,2018-04-11
2018-04-11 15:27:00,127,15:27,2018-04-11
2018-04-11 15:27:00,128,15:27,2018-04-11
2018-04-11 15:27:00,131,15:27,2018-04-11
2018-04-11 15:27:00,127,15:27,2018-04-11
2018-04-11 15:28:00,125,15:28,2018-04-11
2018-04-11 15:28:00,121,15:28,2018-04-11
2018-04-11 15:28:00,119,15:28,2018-04-11
2018-04-11 15:28:00,120,15:28,2018-04-11
2018-04-11 15:28:00,117,15:28,2018-04-11
2018-04-11 15:28:00,115,15:28,2018-04-11
2018-04-11 15:28:00,118,15:28,2018-04-11
2018-04-11 15:28:00,120,15:28,2018-04-11
2018-04-11 15:29:00,123,15:29,2018-04-11
2018-04-11 15:29:00,127,15:29,2018-04-11
2018-04-11 15:29:00,126,15:29,2018-04-11
2018-04-11 15:29:00,128,15:29,2018-04-11
2018-04-11 15:29:00,127,15:29,2018-04-11
2018-04-11 15:29:00,126,15:29,2018-04-11
2018-04-11 15:29:00,124,15:29,2018-04-11
2018-04-11 15:29:00,127,15:29,2018-04-11
2018-04-11 15:29:00,129,15:29,2018-04-11
2018-04-11 15:29:00,128,15:29,2018-04-11
2018-04-11 15:29:00,126,15:29,2018-04-11
2018-04-11 15:30:00,127,15:30,2018-04-11
2018-04-11 15:30:00,126,15:30,2018-04-11
2018-04-11 15:30:00,130,15:30,2018-04-11
2018-04-11 15:30:00,131,15:30,2018-04-11
2018-04-11 15:30:00,133,15:30,2018-04-11
2018-04-11 15:30:00,137,15:30,2018-04-11
2018-04-11 15:30:00,140,15:30,2018-04-11
2018-04-11 15:30:00,141,15:30,2018-04-11
2018-04-11 15:30:00,138,15:30,2018-04-11
2018-04-11 15:31:00,135,15:31,2018-04-11
2018-04-11 15:31:00,136,15:31,2018-04-11
2018-04-11 15:31:00,140,15:31,2018-04-11
2018-04-11 15:31:00,143,15:31,2018-04-11
2018-04-11 15:31:00,140,15:31,2018-04-11
2018-04-11 15:31:00,137,15:31,2018-04-11
2018-04-11 15:31:00,135,15:31,2018-04-11
2018-04-11 15:31:00,133,15:31,2018-04-11
2018-04-11 15:31:00,131,15:31,2018-04-11
2018-04-11 15:31:00,132,15:31,2018-04-11
2018-04-11 15:32:00,134,15:32,2018-04-11
2018-04-11 15:32:00,128,15:32,2018-04-11
2018-04-11 15:32:00,125,15:32,2018-04-11
2018-04-11 15:32:00,123,15:32,2018-04-11
2018-04-11 15:32:00,120,15:32,2018-04-11
2018-04-11 15:32:00,118,15:32,2018-04-11
2018-04-11 15:32:00,115,15:32,2018-04-11
2018-04-11 15:32:00,112,15:32,2018-04-11
2018-04-11 15:33:00,114,15:33,2018-04-11
2018-04-11 15:33:00,116,15:33,2018-04-11
2018-04-11 15:33:00,120,15:33,2018-04-11
2018-04-11 15:33:00,121,15:33,2018-04-11
2018-04-11 15:33:00,124,15:33,2018-04-11
2018-04-11 15:33:00,126,15:33,2018-04-11
2018-04-11 15:33:00,129,15:33,2018-04-11
2018-04-11 15:33:00,131,15:33,2018-04-11
2018-04-11 15:33:00,128,15:33,2018-04-11
2018-04-11 15:33:00,127,15:33,2018-04-11
2018-04-11 15:33:00,125,15:33,2018-04-11
2018-04-11 15:33:00,120,15:33,2018-04-11
2018-04-11 15:34:00,116,15:34,2018-04-11
2018-04-11 15:34:00,114,15:34,2018-04-11
2018-04-11 15:34:00,116,15:34,2018-04-11
2018-04-11 15:34:00,113,15:34,2018-04-11
2018-04-11 15:34:00,109,15:34,2018-04-11
2018-04-11 15:34:00,105,15:34,2018-04-11
2018-04-11 15:34:00,101,15:34,2018-04-11
2018-04-11 15:34:00,99,15:34,2018-04-11
2018-04-11 15:34:00,100,15:34,2018-04-11
2018-04-11 15:34:00,103,15:34,2018-04-11
2018-04-11 15:34:00,107,15:34,2018-04-11
2018-04-11 15:34:00,110,15:34,2018-04-11
2018-04-11 15:35:00,107,15:35,2018-04-11
2018-04-11 15:35:00,104,15:35,2018-04-11
2018-04-11 15:35:00,103,15:35,2018-04-11
2018-04-11 15:35:00,102,15:35,2018-04-11
2018-04-11 15:35:00,106,15:35,2018-04-11
2018-04-11 15:35:00,109,15:35,2018-04-11
2018-04-11 15:35:00,111,15:35,2018-04-11
2018-04-11 15:35:00,110,15:35,2018-04-11
2018-04-11 15:35:00,111,15:35,2018-04-11
2018-04-11 15:35:00,107,15:35,2018-04-11
2018-04-11 15:35:00,103,15:35,2018-04-11
